EMPLOYED,GENDER,AGE,GPA,ENG_SCORE,INTERN_DUMMY
1,0,22,4.3,0,0
0,0,22,4.3,0,0
0,0,25,3.7,0,0
1,0,21,3.5,0,0
1,1,24,3.5,0,0
0,0,22,4.1,0,1
1,0,22,2.2,0,0
0,0,22,3.8,0,0
0,0,22,3.2,0,0
0,0,24,4.15,0,0
1,0,32,4.27,925,1
0,0,23,4.3,0,0
1,0,23,4.2,0,0
1,1,25,3.1,0,1
0,0,22,4.2,0,0
1,0,22,3.8,0,1
0,0,22,3.5,0,0
0,0,21,4,0,0
1,1,24,3.8,0,1
1,1,24,3.8,0,1
1,0,22,4.3,0,0
1,0,22,3.2,0,0
0,1,24,3.8,0,0
1,0,23,4.2,0,0
1,0,22,3.8,0,0
1,1,25,3,0,1
1,0,23,3.8,0,0
1,0,21,3.8,0,0
1,1,25,3.9,0,0
1,0,22,3,0,1
1,0,21,3.8,0,0
1,0,21,3.69,0,0
1,1,26,3.3,0,0
1,0,23,3.5,0,0
1,0,22,3.57,0,0
1,0,23,3.7,500,0
0,0,24,3.35,0,1
1,1,24,3.4,0,0
1,1,25,4.1,770,1
1,1,25,3,0,0
1,1,26,4.1,0,0
1,0,21,3.35,0,0
1,0,21,3.93,500,1
1,0,23,4.08,0,1
0,0,21,3.5,0,0
1,0,22,3.35,0,0
1,0,23,3.3,0,0
1,1,25,3.8,0,0
1,0,23,4,690,1
0,1,25,4,0,0
1,0,22,3.5,0,0
1,1,26,4.3,0,0
0,0,23,3.5,0,0
1,0,22,3.9,760,1
1,0,22,4,0,0
0,0,22,3.8,0,0
1,0,22,4.3,0,1
0,1,24,3.2,0,0
1,0,21,3.6,0,0
1,0,24,4.4,0,1
1,0,23,4.4,680,1
1,0,25,4,0,0
1,0,22,3.9,0,1
1,0,22,4,0,1
1,1,23,3.5,0,0
0,0,23,3.8,0,0
1,0,22,3.65,0,1
1,0,25,4.4,0,1
1,0,24,3.5,0,0
1,0,22,3.57,0,0
0,0,23,4.39,0,0
1,0,22,3.93,0,0
0,1,26,3,0,0
0,1,25,3,0,0
0,0,22,3.9,0,0
1,0,22,3,0,0
1,0,22,3.65,0,0
0,1,25,3.93,0,0
1,0,22,3.7,0,0
1,0,22,4,0,0
0,0,39,4.2,0,0
1,1,26,3,0,0
1,0,21,4.1,0,0
1,0,32,4.2,0,0
1,1,29,3.5,0,0
1,1,24,3.7,0,1
1,1,26,4,0,0
1,0,22,4.27,0,0
0,0,24,3.4,0,0
1,1,26,3.5,0,0
1,1,24,3.5,0,0
1,1,25,4.2,0,0
1,0,22,3.9,0,0
1,1,24,3.8,0,0
0,0,22,3.8,0,0
1,1,26,3,0,0
1,0,22,3.6,0,0
1,1,25,3.93,0,1
1,1,23,3.5,0,0
0,0,21,3.5,0,0
1,1,28,3.7,0,0
0,1,26,3.8,0,0
1,1,26,3.93,0,1
1,0,22,4,0,0
1,0,22,3.8,0,0
0,1,28,3.4,0,0
1,0,34,4.3,0,0
1,0,23,4.1,0,0
0,0,23,4.4,0,0
0,0,30,4.3,0,0
0,0,23,4.27,0,0
1,0,25,3.65,0,0
0,0,32,4.4,0,0
1,0,22,4.2,0,1
1,0,28,4.1,0,0
1,0,22,3.8,0,0
0,1,25,3.8,0,0
1,1,25,3.8,0,1
1,1,26,3.46,0,0
1,1,24,3.57,0,0
1,1,32,3.5,0,0
1,1,26,4.1,0,0
1,0,23,3.5,0,1
1,1,26,3.7,0,0
0,0,23,3.9,0,0
1,0,23,3,0,0
1,0,23,4.2,0,0
1,0,26,4,0,1
1,0,22,3.8,0,0
1,1,24,3.57,0,1
0,1,25,3.5,0,0
1,0,22,4.3,0,1
1,1,26,3.7,0,0
1,1,25,3.3,0,0
1,1,25,3,0,1
1,1,28,4.27,0,0
1,1,24,4.4,0,1
1,1,27,3.7,0,0
1,1,25,3.5,790,1
1,1,26,3.9,0,0
1,1,25,3.5,0,0
1,1,25,3,0,1
1,1,31,3.12,0,0
1,0,22,4.1,0,0
1,1,25,3.35,0,0
1,1,24,3.3,0,0
1,1,22,3,0,1
1,1,26,3.8,0,1
0,1,27,3,0,0
1,1,25,3,0,0
1,0,22,3.6,0,0
0,1,25,3,0,1
1,1,25,3.1,0,0
0,1,24,3.8,0,1
1,1,27,3.5,0,0
1,1,25,3.4,0,0
0,1,26,3.69,0,0
1,1,25,3.7,0,0
0,1,23,4.1,700,1
1,1,24,4.2,0,1
1,1,25,3.3,0,0
0,1,25,4.1,0,0
0,1,22,4,0,0
1,1,25,3,0,0
1,1,24,3.5,320,0
0,1,25,3.7,0,0
1,1,24,3.7,0,1
1,1,26,2.5,0,0
1,1,26,3.6,0,0
0,1,26,3.8,0,1
1,1,26,4,700,1
1,1,24,3,0,0
1,1,25,3.8,0,1
1,1,27,2.3,0,1
1,1,25,3.4,0,0
1,1,30,4,0,0
0,1,24,3.35,0,0
0,1,24,3.9,0,1
1,1,24,3.9,0,0
0,1,25,3.9,0,1
1,1,26,3,0,0
1,1,26,3,0,0
0,1,24,3.8,0,0
0,0,24,3.5,0,0
1,1,26,3.8,0,0
1,1,24,3.93,0,0
1,1,24,3.5,0,0
1,0,21,3.5,0,1
1,1,24,3,0,1
1,0,23,4.3,0,0
1,1,25,3.97,0,1
0,1,25,3.5,0,0
0,1,28,4.2,0,1
0,0,22,3.93,0,0
0,1,26,4.3,0,1
1,1,28,3.1,0,1
1,0,21,3,0,0
0,0,23,4.3,0,0
1,1,26,3.7,600,1
0,1,25,3.7,0,1
0,1,27,4.4,0,0
0,0,21,3.3,0,0
0,1,27,3.3,705,1
1,1,27,4.2,0,0
1,1,25,4.3,0,0
1,0,24,3.8,0,0
1,1,24,4.1,0,0
1,1,29,3.8,0,0
1,1,25,3,0,0
1,1,28,4.5,0,0
1,0,24,4.1,0,0
1,1,26,3,0,1
1,1,25,3.5,0,1
0,0,21,3.5,0,0
1,1,27,3.8,0,1
1,1,26,3.57,0,0
1,1,25,2.9,0,1
0,1,25,3.93,0,0
0,0,23,3,0,1
1,0,23,4.39,0,0
0,0,23,3.2,0,1
1,1,26,3,0,0
1,0,22,3.35,255,0
1,0,22,3.2,0,0
0,1,26,3.6,0,0
1,1,24,3.57,0,0
0,1,26,2.9,0,0
1,1,22,3,0,0
0,0,26,4,0,1
1,1,24,3.6,0,0
1,0,21,3.9,0,1
0,0,22,3.5,0,0
1,1,27,3.4,0,1
1,0,22,4.2,0,0
0,1,26,3.5,0,0
1,0,22,4.1,0,0
1,1,24,3.8,0,0
1,1,25,3.5,0,0
1,1,25,3.7,0,1
0,1,25,3.35,0,0
1,1,25,4.5,0,0
1,0,22,4.1,0,1
0,0,22,3.97,0,0
1,0,24,3.6,0,0
0,1,22,3,0,1
1,1,25,3,0,0
0,0,22,2.9,0,0
1,1,25,3.8,0,1
1,0,22,3.9,0,0
1,0,32,4.2,0,0
1,1,24,3.8,0,0
1,1,22,3.5,0,1
1,0,22,4.1,0,1
0,1,25,3.8,0,0
0,1,24,4.2,0,1
1,0,21,4.27,0,1
1,0,23,3.5,0,0
1,1,26,3,0,0
0,0,21,3.35,0,0
0,0,24,3.8,0,0
0,0,22,4.18,0,1
1,0,22,3.8,0,1
1,0,26,4.4,0,0
1,1,26,3.7,0,1
1,0,22,4.39,300,1
1,0,22,3.65,0,0
1,0,23,3.5,550,0
1,1,32,4.1,0,0
0,0,23,3.7,0,0
1,0,28,4,0,0
1,0,24,3,0,0
1,1,28,3.9,0,0
1,1,27,3.12,0,0
1,1,24,3.9,0,1
1,0,22,3.8,0,0
1,1,25,3.7,580,0
1,1,26,3.6,0,0
1,0,24,3.65,0,1
1,1,26,3.7,0,0
1,0,23,3.5,0,0
1,1,28,3.8,0,0
1,1,25,3,0,0
1,1,25,3.5,0,1
0,0,24,3,0,1
0,0,23,3.6,0,0
0,0,28,3.97,0,0
1,0,23,3,600,0
1,1,26,4.3,0,1
1,0,23,3.2,0,0
1,0,25,3,0,0
1,1,25,4.3,0,0
0,0,22,4.1,0,0
1,0,23,3.9,0,0
1,0,23,4.2,0,1
1,1,28,3.9,450,0
1,0,23,3.97,0,0
1,1,26,3.8,0,1
1,1,26,3.8,655,0
1,0,23,3.8,280,1
1,1,28,4.1,0,0
0,1,25,3,0,1
1,0,23,4,0,0
1,1,28,3.5,0,1
0,0,23,3.7,0,0
1,0,27,3.5,0,0
1,0,23,4,0,1
1,1,26,3.9,0,1
1,1,25,3.8,0,0
0,1,25,3.5,0,1
1,1,25,3.65,0,0
0,0,22,4,0,0
1,0,22,3.5,0,1
1,0,22,3,0,1
1,0,25,3.35,0,0
0,0,22,3.93,0,0
1,0,23,4.3,0,1
1,0,23,4.39,0,0
1,1,26,2.8,0,0
1,1,26,3.93,0,1
0,0,25,3.57,720,0
0,1,24,4,0,0
1,0,21,4.18,0,0
1,1,27,4.1,0,1
1,0,22,4,530,0
1,0,22,3.93,0,1
1,0,27,4.2,0,0
1,1,24,4.3,0,0
0,1,29,4.3,0,0
1,0,23,4.18,0,1
1,1,25,3.3,0,0
1,0,22,3.8,0,1
1,0,22,4.5,0,1
1,0,22,3.7,0,0
1,1,26,3.8,0,0
1,1,25,3.9,0,0
1,0,22,3.9,0,0
1,0,29,4.15,0,0
0,0,22,4,0,0
1,0,21,4.4,0,0
1,1,27,4.1,0,0
1,0,23,3.9,0,0
1,0,22,3.5,0,0
0,0,22,4.15,0,0
1,0,22,4,0,0
1,0,22,3.93,0,0
1,0,28,4,0,0
0,1,26,2.8,0,0
0,0,25,3,0,1
1,0,24,4,0,1
1,0,24,3,0,1
0,1,28,3.8,0,1
1,0,25,3.2,0,0
1,1,27,3.9,0,0
0,0,32,3.7,0,0
0,1,25,4.5,0,0
0,0,22,3.5,0,0
1,0,22,3.8,0,0
1,0,22,4.3,0,0
1,0,24,4,0,0
1,1,24,3.57,0,0
1,0,28,3.6,0,1
1,1,33,3.3,0,0
1,1,25,4.5,0,1
0,1,26,3.7,0,0
1,1,25,4.1,0,1
1,1,22,4.3,0,0
1,1,26,4.27,0,0
1,0,22,4.4,0,1
1,1,26,4.3,0,0
1,1,25,3.9,200,0
1,0,22,3.57,0,0
1,0,36,4,0,0
0,1,25,3.7,960,0
0,0,23,4.2,0,0
1,0,21,4.2,0,1
1,0,22,3.5,0,0
0,0,30,3.93,0,0
0,1,25,3.7,0,0
1,1,25,3.7,0,0
1,0,22,3.93,0,0
1,1,24,3.3,0,1
0,0,24,4.3,780,1
1,1,24,3.12,780,0
1,0,24,3.44,0,1
0,0,23,3,0,1
1,0,26,3.2,0,1
1,0,26,3,725,0
1,0,24,4.2,730,0
1,1,24,2.4,0,0
0,0,23,3.7,0,0
1,1,26,3.1,0,0
1,0,23,4.1,0,0
0,1,35,4.08,760,0
0,1,24,3.5,0,1
0,1,23,3.4,0,0
1,0,25,3.8,0,0
1,1,31,3,820,1
1,1,29,3.7,780,0
1,0,25,3.5,850,0
0,1,27,3.2,0,0
1,0,25,3.3,0,0
1,0,25,3.7,790,0
1,0,25,3.5,0,0
0,1,28,3.8,730,0
1,1,27,3.3,650,0
1,0,24,4.04,765,1
1,0,27,4,720,1
1,0,26,3.6,0,0
0,0,25,3.6,875,1
1,1,27,3,0,0
1,1,25,3.8,0,0
1,0,25,3.5,0,0
0,0,25,3.9,905,1
1,0,24,3.5,0,1
0,0,24,3.4,0,0
1,0,24,3.5,0,0
1,0,25,4,805,0
1,1,27,2.9,500,0
0,1,24,3.6,250,0
1,1,28,3.1,715,0
1,0,26,3.9,650,0
0,0,27,3.5,650,0
1,0,28,3,0,0
0,0,26,3.8,650,0
0,1,27,3.9,0,0
0,0,24,3.5,0,0
1,1,27,4.1,650,0
0,1,32,2.8,720,0
0,0,26,3.5,0,1
1,0,27,3.5,900,1
0,0,28,3.55,870,1
1,0,25,4,0,0
0,0,26,3.86,900,1
1,0,26,3.7,815,1
1,1,31,3.7,0,0
0,0,26,3.7,0,0
1,0,26,4,875,0
0,0,26,4,0,1
1,1,27,3.9,750,1
1,0,23,3.8,600,0
1,0,26,3.8,0,0
1,0,27,3.2,895,0
1,0,26,3.9,925,0
1,0,25,4.1,870,0
1,0,27,4,760,0
1,0,26,3.7,900,1
0,0,25,3.7,0,0
0,0,26,3.6,960,0
0,0,27,3.9,0,0
1,0,24,3.97,0,1
1,0,25,3.9,0,1
0,0,26,3.5,0,0
0,0,23,4,700,0
0,0,24,3.2,0,0
0,0,27,3.5,520,0
1,1,28,4,940,0
0,0,25,2.9,640,0
1,1,27,3.3,865,0
0,0,26,3.4,0,0
0,0,26,3.6,0,0
1,0,25,4,0,0
1,0,27,3,0,0
1,0,26,3.7,840,0
1,0,27,3.7,750,0
0,0,27,3.9,0,0
1,1,28,3.5,850,0
0,1,26,3.3,0,0
1,0,25,3.9,853,1
0,0,26,4.2,0,1
0,0,26,3.7,0,0
0,0,26,3.86,750,0
1,0,27,3.57,850,0
0,1,28,3.3,0,0
0,0,26,3,795,0
1,0,24,4.1,920,1
1,0,24,3.97,900,0
1,0,24,3.8,910,1
1,0,25,4,650,0
0,0,25,3.4,950,1
1,1,28,4.3,0,0
1,0,24,3.8,730,1
0,1,28,3.7,0,1
1,0,25,3.8,820,0
0,0,28,3.5,0,1
1,0,25,3.7,0,1
1,0,24,3.8,0,1
1,0,23,3.8,0,0
0,1,27,3.6,0,1
1,0,23,3.9,0,0
1,0,25,4.3,805,1
1,0,23,3.57,0,0
1,0,25,4.1,0,0
1,0,26,3.5,850,0
1,0,25,2.8,0,0
0,0,24,4.3,665,0
0,0,27,3.5,0,0
0,0,26,4.3,890,0
1,0,24,3.8,0,0
0,1,27,4.2,0,0
0,1,30,3.4,0,0
0,0,31,3.3,990,0
0,1,28,3.3,750,0
1,0,24,3.8,890,1
1,1,29,3.4,0,0
1,0,24,4.39,0,0
1,1,26,3.6,0,0
0,1,26,4.2,500,0
0,0,24,3.35,0,0
1,0,36,3.8,0,0
0,1,28,4.39,0,0
1,1,26,3.4,0,0
0,1,37,4.39,0,0
1,0,26,2.27,0,0
1,0,27,3.4,850,0
0,0,24,3.97,985,0
1,0,25,2.8,0,0
1,0,25,3.7,0,0
1,0,26,3.3,775,1
1,0,25,3.9,830,0
1,1,26,3,0,0
1,0,25,4,550,0
0,1,28,3.9,800,1
1,1,27,3,0,0
1,1,28,3.7,0,0
1,0,24,3.7,0,0
1,1,29,3.6,0,0
0,0,25,4.27,730,1
0,1,26,4.27,0,0
0,1,28,4.2,580,0
1,1,26,3.7,0,0
0,1,32,3.6,0,1
0,1,31,4.18,950,0
1,1,28,3.8,950,1
0,0,27,4,805,0
0,1,31,3.8,0,0
1,1,28,4.4,955,0
0,1,30,3.8,0,0
1,1,28,3.1,630,0
1,1,26,3.8,780,1
1,0,26,3.5,800,0
0,1,29,3,0,0
1,0,36,4.27,0,0
1,1,25,2.7,0,0
1,1,27,3.6,900,1
1,0,26,3.9,700,0
0,1,26,4.2,0,1
1,1,26,3.2,0,1
1,1,27,3.6,0,0
1,1,26,3.7,0,0
1,0,25,3.5,820,0
1,1,27,3.9,650,0
0,0,25,3.7,780,1
1,1,28,3.4,780,0
0,1,29,3.3,850,1
1,0,25,3.8,835,0
1,1,27,3.2,815,0
0,0,26,4.5,0,0
0,0,25,3.5,800,0
1,0,23,4.1,805,0
1,1,27,3.8,480,0
0,1,28,3,0,0
0,1,27,3.7,780,0
1,0,24,3.2,720,1
1,1,28,3.5,0,0
1,0,26,4,550,0
1,0,26,3.7,0,0
0,0,24,3.8,0,0
0,0,24,3.5,735,1
1,0,25,3,0,0
1,1,28,3.8,700,1
1,1,27,3.5,870,1
1,1,30,3.5,0,0
1,0,25,3.7,635,1
1,0,25,4.04,0,1
1,0,24,4,655,0
1,0,26,3.7,0,0
1,0,25,4.18,925,1
1,0,27,3.7,0,0
1,1,28,3.65,0,0
0,1,29,3.5,0,0
0,0,25,3.97,0,0
1,1,29,3.8,750,0
0,0,25,3.8,0,1
1,0,25,3.6,780,0
0,0,25,3.3,450,0
0,1,31,3.5,0,0
1,1,27,4.2,680,1
1,1,27,3.4,0,1
0,0,23,4.2,0,0
1,0,24,3.8,520,0
1,1,29,3.8,720,0
0,0,26,3.7,700,0
0,1,31,3.6,0,0
1,1,28,3.3,0,0
0,0,25,3.93,0,0
1,1,30,3.8,800,1
1,0,26,3.3,0,1
0,0,30,3.86,0,0
1,0,28,3.9,500,0
0,0,25,3.8,825,0
1,1,27,3.6,800,0
0,1,26,4.5,0,0
1,0,25,3.93,0,0
1,1,28,3.6,735,1
1,1,27,3.8,900,0
1,1,27,3.9,0,0
1,1,27,2.9,0,0
1,0,26,3.1,720,0
0,0,24,3.93,0,1
1,0,25,3,550,0
0,1,32,3,750,0
0,1,28,4.39,650,0
1,0,33,3.12,780,0
1,0,26,3.4,520,0
1,1,31,3.6,900,0
0,1,29,3.8,650,1
0,1,29,3.5,0,0
0,1,29,3.8,0,0
0,1,30,3.69,0,0
0,0,24,4.3,0,0
0,1,27,3.7,0,0
0,0,24,4,830,0
1,1,30,3.1,0,0
1,0,25,3.3,600,0
0,0,27,3.6,695,0
0,1,29,3.5,0,0
1,0,24,3,0,0
1,0,26,3.5,0,0
1,0,23,3.2,730,1
1,0,24,4.3,700,1
1,1,26,3.5,0,0
1,1,27,3.9,0,0
1,0,25,3.4,700,0
1,1,27,3,0,0
0,0,25,4.1,0,0
0,1,28,3.6,0,0
1,0,25,4.27,0,1
0,0,24,3.8,0,0
0,0,25,3.7,770,0
0,0,25,3,0,0
0,0,23,4.04,0,1
0,0,25,3.4,0,0
0,1,27,3.5,0,0
1,0,23,3.3,0,0
1,0,25,4.15,0,1
1,0,24,4,0,0
0,0,24,3.2,0,1
1,1,27,3,0,1
0,0,26,3.8,500,0
0,0,26,3.93,0,0
0,0,25,3.3,0,0
1,0,24,3.9,0,0
1,0,25,2.8,0,0
0,0,24,4,0,0
1,1,26,4.1,0,0
1,1,27,3.57,0,0
0,0,24,4.2,700,0
1,0,28,2.6,0,0
1,1,28,4.3,0,0
1,0,24,3.8,0,0
1,1,27,3.5,0,0
0,1,28,3.5,885,0
1,0,25,3.3,875,0
0,0,26,3.97,945,1
1,0,26,3.34,910,1
0,1,33,4.15,0,0
0,0,25,4.1,950,0
0,0,24,3.5,0,0
1,1,27,3.7,720,1
1,0,25,3.8,0,0
1,0,27,3.3,0,1
0,0,25,3.5,0,0
0,0,25,3.9,820,0
1,1,27,3.5,400,0
1,1,28,3.5,855,1
1,0,26,3.4,850,0
1,1,26,3.7,0,1
1,0,26,3.7,850,0
1,1,26,3,0,0
0,1,28,3.7,700,1
0,1,28,3.7,0,1
0,0,31,3.9,0,0
0,0,27,3.5,835,0
0,0,23,3.97,0,0
0,0,26,3.55,900,0
0,1,29,3.4,720,0
0,1,27,3.5,720,1
1,0,24,3.6,0,0
1,1,27,3,0,0
1,1,28,3.4,0,0
1,0,24,3.9,0,1
0,0,27,3.9,640,0
1,1,31,3.2,860,0
0,0,27,3.8,0,0
0,1,29,3.7,0,1
0,0,24,3.7,0,1
0,0,27,4.2,800,0
1,0,26,3.7,0,0
1,1,28,3.5,855,0
0,1,28,3.7,0,1
0,0,26,3.23,0,0
0,0,24,3.5,0,0
0,0,26,3.5,540,1
1,0,24,3.9,490,1
0,1,26,3.7,0,0
0,1,32,3.7,730,0
0,1,26,4.4,0,0
1,1,26,3.2,0,0
0,0,24,3.8,0,0
0,0,27,3.7,0,0
1,0,27,3.5,0,1
0,0,28,4,0,0
0,1,30,4.3,0,0
1,1,27,3.6,743,0
0,0,26,4,800,1
1,0,25,4.2,785,1
1,0,26,3.7,940,1
1,0,25,3.93,805,1
1,0,24,4.1,915,0
0,0,26,3.6,800,1
0,0,25,3.9,0,0
0,0,26,4.3,0,0
0,0,25,3.8,0,0
1,0,26,4.5,0,0
1,0,24,3.5,0,0
1,0,24,3.8,0,1
1,0,25,3.8,0,1
1,0,25,3.7,0,0
0,0,25,3.8,0,0
1,0,24,3.8,0,1
1,0,24,3.93,0,0
1,0,23,3.57,0,0
1,0,25,3.4,0,0
1,0,31,4.2,0,0
1,1,28,3.8,0,0
1,0,27,4.2,0,1
1,0,24,3.7,0,1
1,0,24,4.2,0,0
0,0,24,3.6,525,0
0,0,24,3.9,0,0
1,0,24,3.8,840,0
0,0,25,3.9,950,0
0,0,23,4.2,0,0
0,0,27,3.6,0,1
0,0,25,4.1,0,0
0,0,25,3.7,0,1
1,0,23,3.3,0,0
1,0,31,3.97,0,0
0,1,26,3.1,820,1
0,1,27,3.7,0,0
1,0,23,3.8,950,1
1,1,29,3.5,0,0
0,1,31,3.9,705,0
0,0,24,4,0,0
0,0,24,4,0,0
0,0,24,3.8,0,0
1,0,24,3.6,620,0
1,0,24,3.5,0,1
1,0,23,3.8,840,1
0,0,25,3.7,0,0
1,0,24,4.3,900,0
0,1,26,3.2,0,0
0,1,25,3.02,0,0
1,0,24,3.8,710,0
1,1,27,3.7,900,0
1,0,24,4.2,0,0
0,1,27,4,0,0
0,0,23,4.2,0,0
0,1,25,4.15,0,0
0,0,24,3.8,0,0
0,1,25,3.8,0,1
1,1,27,4.39,0,1
1,1,25,3.5,700,0
0,1,26,4,0,0
0,0,25,3.9,0,0
1,1,30,3.5,0,1
0,1,29,3,439,0
1,0,24,4.18,755,0
1,0,25,3.86,965,0
0,0,24,4.2,0,1
1,1,27,3.8,360,0
0,0,24,3.9,0,0
0,0,24,4.2,0,0
0,1,27,3.8,0,0
1,0,25,3.3,0,0
0,0,24,3.8,0,0
0,0,24,3.8,0,1
1,1,27,3.9,0,0
1,1,28,3.9,0,0
1,0,30,3.5,0,0
0,1,28,4,0,0
0,0,24,4.1,0,0
1,0,24,3.9,0,0
0,1,26,4.27,0,0
0,1,28,4,820,0
0,1,29,3.8,870,1
1,1,27,3.6,870,0
0,1,26,3.8,0,0
1,1,27,3.9,650,1
1,1,26,3.8,0,0
1,0,26,3.8,500,0
1,0,26,3.6,910,0
0,1,28,3,450,1
1,0,27,3.8,680,0
1,1,29,3.5,890,0
1,0,27,3.5,885,0
0,1,29,4.1,0,0
1,1,28,3.6,0,0
1,1,27,3.4,0,0
1,0,24,4,0,1
1,0,25,4.5,0,1
1,1,30,4,0,0
1,0,26,4.1,0,0
0,0,25,4.1,860,1
0,0,23,3.4,0,0
0,1,27,3.8,500,0
1,0,25,3.7,0,1
1,1,28,3.1,0,0
1,1,26,3.6,0,0
0,1,26,3,0,0
1,1,26,4,450,0
1,1,26,3.4,0,1
1,1,24,3.1,710,0
0,1,28,3.5,0,0
1,1,29,4.1,800,0
1,0,25,4.1,900,0
0,0,24,4.3,700,0
1,1,29,3.6,0,0
0,1,28,3.8,650,0
1,1,27,3.5,0,0
0,1,23,3.9,770,0
0,1,30,2.8,800,0
1,1,26,3.7,0,1
0,0,27,3.12,0,0
0,1,29,2.3,900,0
1,1,27,3.9,0,1
0,1,27,3.4,500,0
1,1,28,3.1,0,0
0,1,29,3.6,0,0
1,1,29,4,860,0
1,1,27,3.8,0,1
0,1,28,3.6,650,0
0,1,28,3.8,0,0
1,1,32,3.12,0,0
0,1,29,3,450,0
1,1,26,3.8,0,0
1,1,27,3.1,0,0
0,1,25,2.7,350,0
1,1,30,3,680,0
0,1,28,3.1,0,0
0,1,28,3.3,730,0
1,1,29,3,0,0
1,1,29,4,0,1
0,1,29,3.4,590,0
0,1,27,3.69,0,0
1,0,25,3.5,855,0
0,1,28,3.2,0,1
0,1,28,3.65,530,0
0,1,26,3.5,540,0
0,1,28,3.6,0,1
1,1,31,3.5,0,0
1,1,32,3,0,0
1,1,25,3.3,450,0
1,1,27,4,805,0
1,1,27,3,500,0
0,1,28,3.5,805,0
1,1,28,2.59,0,1
1,1,27,3.7,0,0
1,0,24,3.2,0,0
1,1,27,4,300,1
0,0,25,3.5,620,1
0,1,29,3.6,700,0
1,1,27,3.1,0,1
1,1,30,3.97,0,0
1,1,26,3.9,755,1
1,1,28,3.5,775,0
0,0,26,3,700,0
1,1,26,3.3,880,0
1,1,28,2.8,0,0
0,1,27,3.6,660,0
1,1,29,3.7,0,0
0,1,29,3.5,630,0
1,1,27,4.2,0,0
1,1,28,3.9,0,0
1,1,28,3.7,0,1
0,1,29,2.4,0,0
1,1,29,2.9,0,0
1,1,27,4,0,1
1,1,26,3.6,0,1
0,1,30,4.29,920,0
1,1,27,3.35,0,0
0,0,25,3.55,0,0
0,1,27,3.6,0,0
1,1,29,3.7,600,0
1,1,26,3.5,0,0
1,1,27,3.8,0,0
0,1,26,3.8,0,0
1,1,30,3.35,0,0
1,1,28,3.8,0,0
0,1,27,3.93,0,0
1,1,27,3,0,0
1,1,28,3.8,580,0
1,1,26,3,0,0
1,1,27,3,0,0
1,1,27,3.8,0,0
0,0,25,4.5,0,1
1,1,27,3.5,900,0
1,1,26,3.3,0,1
1,0,25,4,745,0
1,0,25,3.6,0,0
1,1,26,3.1,0,0
0,1,26,3.6,0,0
0,1,28,3.3,720,0
1,1,28,3.7,0,1
1,0,25,3.2,655,1
1,0,24,3.7,750,0
1,1,26,3.6,0,0
1,1,26,3,0,1
0,0,24,3.5,0,0
1,1,29,3.4,615,0
0,1,27,3.5,695,0
1,1,28,3.4,800,0
0,1,28,3.6,0,0
1,1,26,3,0,0
1,1,27,3,700,0
0,0,25,3.7,600,0
1,1,29,3.2,0,1
0,0,24,4,915,1
1,1,31,3.5,770,1
1,1,28,3.8,805,0
0,0,24,3.6,650,1
1,1,28,3.2,0,0
1,0,26,3.3,650,0
0,0,27,3,0,0
1,1,27,4.3,0,1
1,1,32,3.7,0,0
1,1,27,4.1,0,0
1,1,28,2.8,720,1
0,0,24,3.9,800,0
1,1,25,4.2,450,0
1,1,29,3.9,0,0
0,0,25,3.5,0,0
1,1,30,2.9,500,0
1,1,27,2.91,0,0
0,1,27,4.18,0,0
1,0,23,4.1,0,0
0,1,26,3.5,0,0
1,1,27,3,0,0
0,1,25,3.5,0,0
0,1,26,4.2,875,0
0,1,28,4.5,910,0
1,1,30,3.4,740,1
0,1,28,2.7,890,1
0,1,28,3.65,875,0
1,1,27,3.5,560,0
0,1,27,3.4,0,0
1,1,26,3.8,0,0
1,1,27,2.5,0,0
1,1,28,3.1,0,0
1,0,25,4,0,0
0,0,27,3.5,0,0
0,0,24,4.08,745,1
1,1,32,3.93,750,0
0,0,27,4.04,0,0
0,0,29,3.9,0,0
1,0,25,2.9,0,1
1,0,23,3.5,0,1
0,1,27,3.7,0,1
1,1,29,3.5,0,0
1,0,24,4.2,0,0
1,0,25,4,600,0
0,1,27,3.5,0,0
1,0,24,3.8,700,1
1,0,26,3.76,935,1
1,0,23,3.4,740,1
0,1,23,3.34,780,0
0,0,25,3.8,930,0
0,0,25,3.8,0,1
0,1,32,3,0,1
0,0,26,3.5,920,1
0,1,25,4.2,0,0
1,1,30,2.76,800,0
1,1,26,4,820,0
1,1,27,3.8,930,0
1,1,30,2.7,0,0
1,1,26,3.3,0,0
1,1,30,3.9,0,0
0,0,26,3.4,0,1
1,1,27,4,670,1
0,0,26,3.5,0,0
1,0,25,3.97,935,1
1,0,26,3.8,0,0
0,1,27,3.1,620,0
0,0,25,2.76,0,1
1,0,24,3.8,0,0
0,0,25,3.5,730,0
0,0,25,3.1,665,0
0,0,25,3.69,0,0
1,0,25,3.9,0,0
1,0,24,3.8,0,0
1,0,25,3.9,780,0
1,0,25,3.4,0,1
1,0,24,3.9,0,0
1,0,25,3.8,0,1
1,0,24,3,450,1
1,0,24,3.9,0,0
0,0,24,3.8,820,1
1,0,25,3.5,500,1
1,0,25,4,0,1
1,1,26,3.2,0,0
1,0,24,4,0,0
1,1,27,3.8,0,0
1,0,25,4.3,0,0
0,0,25,3.6,650,0
1,1,30,3.35,0,0
1,0,24,3.8,800,1
0,0,26,3.7,730,0
1,0,24,3.6,500,1
0,0,24,3.8,600,0
1,0,25,4,850,0
1,1,26,2.9,0,0
1,0,25,3.5,0,0
0,0,24,3.5,0,0
0,0,23,4.4,0,0
1,1,28,3.3,0,0
1,1,27,2.5,0,0
1,1,26,4,0,0
1,0,26,3.5,0,0
0,1,26,3.65,0,0
1,1,29,3.7,820,1
0,1,29,3.2,0,0
0,0,26,3.9,755,0
1,1,28,3.6,0,0
0,0,26,3.3,890,0
1,0,26,4,805,0
1,1,27,3.4,800,0
1,0,26,3.5,895,0
1,1,29,2.8,0,0
1,1,27,3,0,0
1,1,28,3.5,0,0
0,0,25,3.3,600,0
0,1,26,3.8,750,1
0,1,28,2.5,0,1
0,0,30,3.1,0,0
0,0,26,3.4,685,0
0,1,28,3.6,910,0
1,1,29,3.5,910,1
1,1,29,3.5,0,0
1,1,28,3.5,0,0
1,1,26,3.5,0,0
0,1,25,3.5,0,0
0,1,25,3,0,0
1,1,28,2.59,850,1
0,1,28,3.12,900,1
0,1,33,3.2,685,0
1,0,26,3,980,0
1,1,32,3.9,950,0
1,0,24,4,715,0
1,0,23,3.7,795,1
1,0,25,3.35,0,0
0,1,26,3.2,890,0
1,0,24,4,0,1
0,0,23,4.1,885,0
0,0,24,3.97,935,1
1,1,28,4.2,815,0
1,1,27,3.8,0,1
1,0,25,3.9,0,0
1,1,29,4,0,0
0,0,24,4.27,0,1
1,1,26,4.2,530,1
1,0,24,4.2,0,0
1,1,27,3.23,0,0
1,0,24,4,0,0
1,0,25,4.3,0,0
1,0,26,3.9,0,0
1,0,24,3.8,0,1
1,0,26,3.7,675,0
1,0,24,3.9,0,0
0,0,25,3.46,0,0
1,1,29,4,930,1
0,1,27,3.8,0,0
1,0,24,4,490,0
1,0,24,3.9,0,0
1,1,26,3.8,0,1
1,0,26,4.1,0,0
1,0,24,3.4,670,1
1,0,24,3.6,0,0
1,0,26,3.7,0,0
1,1,27,3.8,0,0
1,0,25,3.5,0,0
1,1,29,3.8,0,1
1,0,26,3.8,0,0
1,1,28,3.23,0,0
0,0,24,3.2,0,0
1,1,28,3.7,615,1
1,0,25,3.5,0,0
1,1,29,4.3,0,1
1,0,26,4.2,0,1
1,0,24,3.7,0,0
1,0,25,3.4,0,0
0,1,31,3.4,0,0
1,1,25,3.5,0,0
1,0,26,3.2,0,0
1,0,25,3.2,0,0
1,0,26,3.8,0,0
1,0,25,3.2,0,1
1,0,25,3.3,0,1
0,0,24,3.8,320,1
0,0,24,3.5,0,0
1,1,26,3.8,0,0
1,1,26,4.2,0,0
0,0,24,4.2,0,1
1,0,24,3,0,0
1,1,29,3.9,600,0
0,1,27,4,800,0
1,1,26,4.1,580,1
1,1,26,3.7,0,0
0,1,26,4.2,0,0
1,1,25,3.6,0,1
0,1,29,3.3,620,0
1,1,27,4.3,0,1
1,1,27,3.4,0,0
0,0,24,3.8,0,0
0,0,31,4,750,0
0,0,24,3.8,0,0
1,0,26,3.6,0,0
0,0,28,3.5,0,0
0,0,25,3.8,840,0
1,0,27,3.8,0,0
0,1,29,4.5,0,0
1,0,23,3.5,0,0
1,0,28,3.65,0,0
1,0,26,3.93,0,0
1,1,28,3.2,885,0
0,0,24,3,0,0
1,1,29,3.6,0,1
0,0,26,3,0,0
1,0,27,3.8,0,0
0,0,25,3.5,0,1
0,0,25,4,0,1
0,1,31,2.7,550,0
0,1,28,3,0,0
0,1,26,3.8,0,0
0,0,24,3.1,0,1
0,0,24,3.65,690,1
1,0,27,3.76,760,0
1,0,25,3,0,0
1,1,28,3.9,0,0
1,0,25,3.86,575,1
1,0,26,4,0,0
1,0,26,3.4,0,0
1,0,31,4.1,0,0
1,1,27,3.8,0,0
1,0,22,3.4,0,0
0,1,26,4.3,0,0
1,0,22,4.3,0,1
0,0,20,4.3,0,1
0,0,24,3.7,0,1
1,0,26,3.9,0,1
1,0,28,3,0,1
0,1,23,4.2,0,0
1,0,22,3.8,0,0
1,1,24,4.2,0,1
0,0,22,2.8,0,1
0,1,25,3.93,0,0
1,0,21,4,0,1
1,0,21,3,610,1
0,0,25,3.5,0,0
0,0,22,3.8,0,0
1,1,26,3.2,0,0
0,0,21,3.8,0,0
0,0,23,3.6,230,0
0,0,22,4.4,0,1
0,0,23,3.6,340,1
0,0,22,4.08,0,0
0,1,24,3.7,750,0
1,1,26,3.5,300,0
0,0,22,3.8,400,0
0,0,22,4.3,0,1
1,1,29,3,0,0
0,1,29,4,701,0
1,0,24,3.7,500,0
1,1,24,4.3,0,0
1,0,26,4.18,0,1
0,0,22,3.3,0,0
1,0,22,3.8,0,0
1,0,25,3.7,0,0
1,1,28,3,0,0
1,1,26,2.5,0,0
0,0,24,3.5,410,1
0,0,22,4,0,0
1,0,21,3.9,0,0
0,0,23,3.8,0,0
1,0,23,4.15,0,1
0,1,24,3.35,0,1
1,0,22,4,0,1
1,0,21,4.4,0,0
0,1,22,3.2,0,0
1,0,22,4.04,0,0
0,0,25,3.7,0,0
0,0,21,3.8,0,0
1,1,25,4,610,1
1,0,24,3.2,0,0
0,0,21,3.6,0,0
1,1,26,3.8,0,0
1,1,25,3.5,0,0
1,1,24,4.5,0,0
0,1,25,4.2,550,1
1,0,22,3.8,0,0
1,0,22,3.9,0,1
1,1,27,4.3,560,0
1,0,22,4.15,0,0
1,0,21,3.8,0,0
0,1,26,2.64,0,0
1,1,27,3.35,0,0
0,1,25,3.2,0,0
1,1,25,3.93,0,0
1,1,26,3.5,0,0
1,1,29,3.8,0,0
1,0,22,3.5,0,0
1,0,23,3.9,510,0
1,1,25,3.6,0,0
1,0,22,3.5,0,1
0,0,25,3.93,0,1
0,1,25,3.5,0,0
1,0,27,4.4,0,0
1,0,22,3.7,0,1
1,0,22,4,0,1
1,0,21,3.8,0,1
1,0,25,4.2,0,1
1,1,25,3.5,0,0
1,0,22,2.9,0,0
1,0,22,3,0,0
1,1,25,4,0,0
1,0,33,3.2,0,0
1,0,22,3.3,0,0
0,0,26,4,0,0
0,1,26,4,0,0
1,1,25,4.3,0,0
1,1,26,3.8,0,0
1,0,23,3.7,0,0
0,1,22,3.8,0,1
0,0,21,3.93,0,0
1,0,25,4,0,0
1,1,25,4.2,0,1
1,1,24,3,0,0
1,0,22,4.5,0,0
1,1,27,4.1,0,0
1,0,22,3.5,0,0
0,1,23,4.1,0,1
1,0,22,3.9,0,1
1,0,22,3.5,0,0
0,0,22,4,0,0
1,0,28,2.76,685,0
1,0,23,3,0,0
1,0,23,4.3,0,0
0,0,21,2.9,0,0
0,1,26,2.9,0,0
0,0,22,3.7,0,1
1,0,24,3.97,0,0
1,0,23,3.2,0,0
1,1,26,3.8,0,0
0,1,25,3.5,0,0
1,0,24,4,0,0
1,1,24,3,0,0
1,1,25,3,0,0
0,0,23,3.5,0,0
1,0,25,3.8,0,0
1,0,25,3.9,0,0
1,1,27,4,0,0
1,0,24,3.7,0,0
0,0,22,4,0,1
1,0,22,3.8,0,0
1,0,22,3.5,0,0
1,0,23,3.6,0,0
1,0,22,3.6,0,0
1,1,25,3.5,670,0
0,0,39,4.5,0,1
1,0,25,3.5,0,0
0,0,22,2.8,0,0
1,1,24,3.9,0,0
0,0,22,4.15,0,1
1,0,22,4.1,0,1
1,0,25,4,500,1
1,0,22,3.1,0,0
1,0,23,4,0,0
1,1,24,3.8,0,0
0,1,23,3.8,0,0
1,0,23,3.7,0,1
0,0,21,3.6,0,0
1,0,21,3.3,0,1
0,0,22,3.5,0,0
0,1,23,3.5,0,0
0,0,23,3.9,0,0
1,0,22,4.3,700,1
1,1,25,4,0,0
0,1,25,3.4,0,0
1,0,22,3.86,0,1
1,0,22,3,0,0
1,0,26,4.1,0,0
0,1,24,4.5,0,0
1,1,27,4.4,0,0
1,0,22,3.8,0,0
0,0,29,4.3,0,1
0,1,22,2.9,0,1
0,0,22,3.9,0,1
0,0,22,4.3,0,1
1,0,22,4.3,0,1
0,0,22,4.3,0,0
0,0,22,4.08,0,1
1,0,21,3.2,0,0
0,0,22,3.8,0,0
0,1,27,3.93,0,1
0,0,21,3.1,0,0
0,0,34,3.35,0,0
1,0,24,4.2,0,0
1,1,28,4.2,0,0
0,0,36,4.18,0,0
1,0,22,2.9,0,0
1,0,22,3.5,0,0
1,1,25,3.7,0,0
1,0,25,3.6,0,0
1,1,27,3.6,0,1
1,0,22,3.8,0,0
0,0,28,3.8,0,0
0,1,25,3.2,0,1
1,0,22,4.5,0,1
1,0,21,3.8,0,1
1,0,22,3.5,0,0
0,1,25,4.3,0,0
1,0,22,4,0,0
0,1,27,2.8,0,1
0,1,25,4,0,0
0,1,23,4.5,0,1
0,0,22,3,0,0
1,1,25,4.27,0,0
1,0,22,3.6,600,0
1,0,23,3.57,695,0
1,0,22,3.8,525,1
0,0,24,3.57,0,1
1,0,25,3.9,700,0
1,0,22,3.1,0,0
1,0,25,3.7,750,0
0,1,24,3.8,0,0
1,1,26,3.86,0,0
0,0,25,3.5,0,0
1,1,25,3.3,0,1
1,0,23,3.8,0,0
1,0,22,4.2,0,0
1,0,22,4,0,0
1,1,24,3,0,0
1,1,25,3,0,0
1,1,26,2.8,0,0
1,0,22,4,0,0
1,0,25,3.8,0,0
1,0,22,3.7,0,0
1,0,23,3.5,0,1
0,1,24,3.8,0,1
0,0,25,4.15,0,0
1,0,22,4.5,0,1
0,1,25,3,0,1
1,1,25,4,0,0
0,0,22,3.9,0,0
1,0,22,3.12,0,1
1,0,22,3.8,0,1
0,1,24,3.7,0,0
1,0,21,3,0,0
1,1,26,3.8,0,1
1,0,22,3.8,0,0
1,1,25,3.57,0,1
1,1,31,4.2,0,0
1,0,22,3.9,0,0
1,1,25,4.18,0,0
1,0,22,4.1,550,0
1,0,24,4,0,1
1,0,22,4.2,450,1
1,1,25,3.7,0,0
1,0,24,3.5,0,0
0,0,37,4.3,0,0
0,0,22,3.93,0,0
1,1,25,4.27,0,0
1,0,38,4.2,0,0
1,0,26,4,0,1
0,0,24,4.3,0,0
1,0,30,4.4,0,1
1,0,27,4.3,0,0
1,0,23,4.3,0,1
1,0,26,4.5,0,1
1,0,22,4.4,0,1
1,0,39,4.1,0,0
1,0,23,4,0,0
1,0,29,3.35,0,0
1,0,21,3.5,0,0
1,0,32,4.4,0,1
1,0,33,4.3,0,0
0,0,38,3.97,0,1
0,0,22,3.7,0,0
1,0,31,3.9,0,0
0,0,30,4,0,0
1,0,23,4,0,0
0,0,23,3.9,0,0
1,0,23,3.5,500,0
0,0,27,4.18,0,0
1,1,24,3,0,1
1,1,25,3.9,0,0
0,1,25,3.3,0,0
1,1,25,4.4,0,0
1,1,24,3.8,0,1
1,1,27,3.4,0,0
0,1,26,3.9,0,0
1,1,25,3.8,0,1
1,0,22,3.5,0,0
1,1,27,3.6,0,0
1,1,25,4.15,0,0
0,0,24,4.2,0,0
1,0,22,3.5,0,0
1,1,34,4,0,1
1,1,24,4,0,1
1,0,22,4.3,0,0
1,0,22,4.1,0,0
1,0,23,4.2,600,1
0,0,37,3.5,0,0
1,1,24,3.5,0,0
1,0,22,3.2,0,0
1,1,23,4.3,0,1
1,1,26,3.4,0,0
1,1,24,3.5,0,0
0,1,29,4.4,0,0
1,1,33,3.4,0,1
0,1,25,3.23,0,1
1,1,25,4.39,0,0
0,1,23,3.5,0,1
1,1,25,3.8,0,0
0,1,25,3.9,0,0
1,1,29,4.2,0,1
1,1,28,3.8,0,0
0,1,26,3.35,0,0
1,1,25,3.5,465,0
1,1,29,3.8,300,0
1,1,24,3.8,0,0
0,1,24,3.8,0,0
1,0,22,3.5,0,1
1,1,25,3.5,0,0
1,1,26,3.9,0,0
1,1,27,3.57,0,0
1,1,25,3,0,0
1,1,26,3.93,0,1
1,0,22,3.7,0,1
0,1,24,3.6,0,1
1,1,32,3,0,0
0,1,26,3.5,0,0
1,1,24,3.5,0,0
1,1,33,4.3,0,0
0,1,25,4.3,0,0
1,1,24,3,0,0
1,1,27,3.3,0,0
0,1,25,3.9,0,0
0,1,25,3.7,0,0
1,1,24,4,0,1
1,1,25,4.27,640,0
0,1,24,4.27,0,0
0,1,24,2.9,0,1
1,1,26,3.5,0,0
1,1,24,3.3,0,1
0,1,25,3.93,0,1
1,1,24,3.5,0,0
1,1,26,3.9,0,0
1,1,31,3.65,0,0
0,1,25,4.1,0,0
1,1,22,3.2,0,0
1,1,24,3.4,0,0
1,1,26,3.7,0,0
1,1,25,3.5,0,0
0,1,27,3.9,0,0
1,1,24,3.3,0,1
0,1,25,3.9,0,0
0,1,25,4.5,0,1
1,1,25,3.8,0,0
1,1,25,3.2,0,1
1,1,26,4.2,0,1
1,1,25,3.9,0,1
1,1,25,2.8,0,0
1,1,24,3.8,0,1
1,1,24,3.9,0,0
1,1,25,3.5,0,0
0,1,25,4.5,0,1
1,1,24,4.15,0,0
0,1,27,3,0,0
0,1,27,3.5,0,0
0,1,27,4.15,0,0
1,1,25,3.8,0,0
1,1,28,4.3,0,0
0,1,27,3.4,700,0
1,1,30,4.04,0,0
0,1,26,3.2,0,0
1,1,24,3.6,0,0
1,1,25,4,0,0
1,1,25,3.8,0,1
1,1,24,2.5,0,0
1,1,24,3.7,0,0
1,1,26,3.7,0,1
1,1,26,3.8,0,1
1,0,22,3.8,0,0
1,1,26,3.8,0,0
1,1,25,3,0,0
0,1,26,3.5,0,0
1,1,26,3.4,680,0
1,1,25,3.8,0,0
1,1,30,2.9,0,0
0,1,29,3.46,0,0
1,1,25,3.8,0,1
0,1,25,4,0,1
1,1,24,2.6,0,1
1,1,22,3,0,0
1,0,22,3,250,0
1,1,26,3.2,0,1
1,0,22,3.7,0,0
0,0,22,4,0,0
1,1,33,4.5,0,1
0,0,24,3.5,0,1
0,1,26,2.76,0,0
1,1,24,3.6,0,0
1,0,22,3,0,0
1,0,22,3.5,0,0
1,1,23,3.5,0,0
1,0,25,3.8,0,0
0,0,23,3.12,720,0
1,0,22,4,0,0
1,0,22,3.5,0,0
0,0,22,4.1,450,0
1,1,22,4.5,0,0
1,1,26,3.2,0,0
0,1,23,3.5,0,0
1,0,22,3.5,0,0
1,1,25,3.5,0,1
1,1,26,3,0,0
0,0,23,4.1,0,0
0,1,26,3.6,0,0
1,1,24,3.6,0,0
0,1,31,4.1,0,0
0,1,25,4,0,0
1,0,22,3.6,0,0
1,1,25,3,0,0
1,1,24,4,0,0
1,1,26,4,0,0
0,1,24,3.2,0,0
1,0,22,3,650,0
1,1,26,4.15,0,0
1,1,27,3.5,0,0
1,1,24,4.29,0,0
0,1,26,4.3,0,0
0,1,24,4,0,1
0,0,23,4.2,0,0
1,0,25,4,0,0
1,1,27,2.8,0,0
1,1,25,3,0,0
0,1,26,2.76,0,0
0,1,25,3.5,0,0
0,1,25,4.5,0,1
1,1,30,4.5,0,0
1,0,22,3.8,0,1
0,0,22,4.1,0,1
1,1,26,3.2,0,0
0,1,24,2.5,0,0
0,1,27,3,0,0
1,1,25,3,0,0
1,1,26,3.8,0,1
0,1,25,3.93,0,0
0,1,24,2.9,0,0
1,1,25,3.1,0,0
1,0,22,3.5,0,0
1,0,23,3.1,0,0
0,1,23,3.8,0,0
0,1,25,3.1,0,0
1,1,26,3.4,0,0
1,0,24,3.2,0,0
1,0,24,4.04,0,0
1,0,24,3.7,670,1
1,1,26,3,0,0
0,1,25,3.7,0,0
1,1,25,3,0,0
1,1,25,3.9,0,0
1,1,26,3.4,0,0
1,1,26,3.4,0,0
0,1,25,3.5,0,0
1,0,22,3.5,0,0
1,1,32,3.5,0,1
1,1,28,4,0,0
1,1,26,3.6,0,0
1,1,25,4.1,0,1
1,0,23,3.4,0,0
1,1,24,2.6,0,1
1,0,22,3.8,0,0
1,1,25,4,0,0
0,1,25,3.9,0,1
0,1,24,4,0,0
1,1,26,3.5,650,1
1,1,25,3.8,0,0
1,1,24,3.9,0,0
1,0,23,3.8,0,0
1,0,22,3.7,0,0
0,0,22,3.1,0,0
1,1,25,3.2,0,0
0,1,25,4.2,0,1
0,1,25,3.5,0,0
0,1,25,3.2,0,0
1,1,25,3.5,0,0
1,1,26,3,0,1
0,1,27,4,0,0
1,1,29,3,0,0
1,1,23,2.17,0,0
0,0,38,4,0,0
0,0,37,3.97,0,0
0,1,25,3.97,0,0
0,1,24,3.5,0,0
0,0,21,3.5,0,1
1,1,26,4.04,0,0
1,1,26,3.5,0,1
1,0,22,3.6,0,1
1,0,23,3.4,300,0
0,0,23,3.93,0,1
0,0,22,4.1,0,0
1,1,25,3.35,0,0
0,1,24,3.8,450,0
1,1,24,4.3,0,1
1,1,26,3.5,0,1
1,1,28,4.08,0,0
1,1,22,4.3,0,0
0,0,22,3.8,430,0
1,0,23,3.76,0,0
1,0,22,4,0,0
0,0,22,3.35,0,0
0,0,22,4.4,0,0
1,1,25,3.5,0,0
1,1,26,4.5,0,1
1,1,25,3.5,0,1
0,0,23,3,0,0
0,1,25,3.35,0,1
0,0,22,4,0,0
1,1,26,4,0,1
1,0,23,3.6,0,0
1,0,23,3.4,0,1
1,0,21,4.1,0,0
1,0,23,4.2,0,0
1,0,23,3.7,0,0
1,1,25,3.8,0,0
1,0,22,3.8,0,0
1,1,26,3.12,0,0
1,1,24,4.3,0,0
1,0,23,3.8,550,0
0,0,39,3.34,0,0
1,0,22,4,0,0
1,1,25,4,0,0
0,1,26,3.1,0,0
1,0,23,3.97,0,0
0,0,23,4.2,0,0
0,0,22,3.5,0,1
1,0,21,4.3,0,1
1,0,31,3.7,0,0
1,1,26,3.35,0,0
0,0,22,3.7,0,1
1,1,26,4.39,0,0
0,1,25,4.3,755,0
1,0,22,3.93,0,1
0,0,25,3.5,0,0
1,0,23,4,0,0
1,1,25,3.2,0,1
1,1,26,3,0,0
0,1,24,3.35,500,1
1,1,25,4.2,0,0
1,0,22,4,0,0
0,0,22,4.1,0,1
1,1,25,3.9,0,1
1,1,24,3.7,500,0
1,1,22,4.39,0,0
1,0,22,3.5,0,0
0,1,39,2.5,0,0
0,0,22,3.7,0,1
0,0,21,4.2,0,0
0,0,25,3.57,0,1
1,0,21,4.4,0,0
1,0,22,4.3,0,0
1,0,22,3.8,0,1
1,0,22,3.93,0,0
1,1,24,3.9,0,1
1,0,22,3.8,0,0
0,0,32,3.5,0,1
1,1,38,4,0,0
1,0,24,3.8,750,0
1,0,24,4.3,0,1
1,0,23,3.9,500,0
1,0,24,3,0,0
1,0,23,3.8,0,1
0,0,23,3.6,600,0
1,0,22,4.1,0,0
1,0,23,3.93,0,0
1,0,24,3.4,0,0
1,0,23,3.9,0,0
0,0,23,4.2,520,1
1,0,23,4,0,1
1,0,23,3.1,500,1
1,0,31,4,0,1
1,0,32,3.93,0,0
1,0,27,4,0,0
1,0,23,3.8,652,1
1,0,37,4.3,0,0
1,0,22,3.5,0,0
0,0,28,3.8,0,0
0,0,22,4.04,720,0
1,0,23,4,675,1
0,0,23,2.8,0,0
0,0,22,4,780,0
1,0,23,4.04,0,0
1,0,24,3.3,0,0
0,0,23,3.6,0,1
1,0,23,3.7,0,1
1,1,25,3.8,0,1
1,0,23,3.7,0,1
1,0,23,3.93,0,0
1,1,26,4.2,0,0
1,0,22,3.8,0,0
1,0,23,3.9,0,1
1,0,22,4,0,0
1,0,23,4.3,820,1
0,0,24,4,0,0
0,1,26,4.1,0,0
0,1,25,4.2,0,0
0,0,22,3.8,0,0
1,0,22,3.7,500,1
1,1,25,2.9,260,0
1,1,24,3.2,0,0
1,1,27,3.7,400,0
1,0,23,4.1,0,1
1,0,23,3.6,0,0
1,0,24,3.5,0,0
1,1,26,4.1,875,0
1,1,24,3.7,0,0
1,0,23,3.3,0,0
1,0,23,3.8,0,1
1,0,26,4.1,0,1
1,1,27,3.9,600,0
0,1,27,4.1,0,0
1,0,24,4.1,0,1
0,0,24,4.3,800,1
1,0,36,4,0,0
0,0,33,3.8,0,0
0,0,24,3.6,0,1
0,0,23,3.5,0,0
1,0,26,3.5,545,0
1,0,22,3.7,0,0
1,0,23,3,0,0
0,0,23,4.1,0,0
0,0,23,4.1,0,1
1,0,23,3.8,0,0
1,1,26,3.3,0,0
1,1,25,3.8,745,1
1,1,25,4.27,0,0
1,0,24,3.9,0,0
1,1,25,3.6,0,0
1,0,26,4.5,0,1
0,0,21,3,0,0
1,1,25,3.7,0,1
1,0,22,4.3,250,0
1,0,23,3.4,0,1
1,1,27,4.04,0,0
1,1,25,3.7,0,0
1,1,30,3.4,0,0
1,0,31,4,0,0
1,0,24,4.2,0,1
0,1,25,3.2,0,0
1,0,24,3,0,1
1,1,36,3.5,0,0
0,0,30,4.2,0,1
1,1,28,3.5,0,0
1,0,23,3.35,0,0
1,1,26,4,0,0
0,0,38,3,0,0
0,0,24,3.8,700,0
1,1,27,3.9,0,1
1,0,23,3.7,0,1
1,1,24,3.8,0,1
1,0,23,3,0,0
1,0,24,3.6,0,0
0,1,26,4.2,0,0
1,1,25,3.65,0,0
1,0,23,4.2,0,0
1,0,22,4,0,1
1,1,24,3.8,0,0
1,0,22,3,0,0
1,0,22,3.8,0,0
1,0,22,4.15,0,1
1,0,22,3.6,0,0
1,0,22,3.86,715,0
1,1,26,3.5,0,0
1,0,22,3.5,0,1
1,0,23,3.7,0,1
0,1,24,4.2,0,0
1,0,22,4.2,0,1
1,1,26,3.7,0,0
1,1,28,3.6,0,0
1,1,25,4,500,0
1,0,22,4,0,0
0,0,29,4.2,0,0
1,0,24,4.3,0,0
1,0,22,3.8,0,0
0,0,24,3.93,0,0
1,0,24,4.1,0,0
0,1,27,3.35,0,0
0,0,22,3.12,0,0
1,1,24,4.2,0,1
1,1,24,3.93,0,0
1,0,21,3,0,0
1,1,26,4.1,0,0
1,0,23,4.27,0,0
1,0,22,3.5,0,0
1,0,25,4.27,0,0
1,1,24,4.08,0,0
1,0,22,3.8,0,0
1,0,21,3.9,0,0
0,0,22,2.8,0,1
0,0,22,4.3,0,1
0,0,22,4.1,0,1
1,0,22,4.2,0,1
1,0,22,3.5,0,0
0,1,27,4.18,0,0
1,1,24,3.93,0,0
1,0,21,3.8,0,1
1,0,22,4.27,0,1
0,0,23,3.8,0,1
1,1,27,3.9,0,1
1,0,22,4,0,1
1,0,22,4,0,0
1,0,22,4.27,0,1
1,0,22,3.9,0,1
1,0,22,3.6,0,0
1,1,25,3.8,0,0
1,0,22,3.8,0,0
1,1,28,4.2,0,0
1,1,23,3,0,0
0,1,26,3.5,0,0
1,1,26,4.1,0,0
1,0,23,3.7,0,0
1,0,24,3.7,0,0
1,0,22,4.39,0,0
1,0,22,3.44,0,1
0,0,22,3.8,0,0
1,1,25,3.5,0,1
1,1,29,4,0,0
1,1,27,3.5,0,1
1,0,24,4.1,0,0
1,0,22,2.9,0,0
1,0,23,3.5,0,0
0,0,22,3.9,0,0
1,1,25,2.8,0,0
1,0,22,3.9,0,1
1,1,24,3.5,0,0
1,0,26,3.5,0,1
1,1,24,4.4,0,1
1,1,26,3.97,0,0
1,1,25,4.3,0,0
1,0,21,2.5,0,0
1,0,21,3.97,0,0
1,1,25,4.2,0,1
1,0,23,4.27,0,0
1,0,24,3.35,0,0
1,1,26,3.6,0,0
1,1,25,3.97,0,1
0,0,25,4.08,0,0
1,0,23,3.1,0,0
1,0,23,4,0,0
1,1,25,3,0,0
1,0,25,4.4,0,0
0,0,22,4,0,0
1,1,26,3.69,0,0
1,1,25,3.9,0,0
0,0,22,3,0,0
1,0,24,3.4,0,0
1,1,26,3.2,0,0
0,1,27,3,0,1
1,0,24,3.8,700,1
1,0,21,4.3,0,0
1,0,23,3.97,0,1
1,0,23,3.76,0,0
0,0,23,4.04,0,0
1,1,26,3.1,0,0
1,1,29,3.93,0,1
1,1,26,4,0,0
1,1,26,3.1,0,0
1,0,24,4,0,0
1,0,24,4,0,1
1,0,22,4,0,1
1,1,25,4.04,0,0
1,1,26,3.5,0,0
1,0,23,4.2,0,0
1,0,21,3.8,0,0
1,1,25,3,0,0
1,0,35,4.18,0,0
1,0,22,3.4,0,0
0,0,23,3.8,0,0
1,0,22,3.76,0,0
1,0,22,3.8,0,0
0,0,22,3.97,0,0
1,0,21,3.6,0,0
0,1,25,3.35,0,0
1,0,22,3.5,0,0
1,0,23,3.35,0,0
0,0,22,3.8,615,0
0,1,24,3,0,1
0,0,21,3.2,0,0
0,0,21,4.3,0,0
1,1,25,3.8,0,0
1,0,22,3.5,0,0
1,1,24,3,0,0
1,0,23,3.7,0,0
1,0,22,1.5,0,0
1,0,22,4.2,0,1
1,0,20,4,0,0
0,0,22,3.8,0,0
1,0,22,4.1,0,1
1,0,21,3.2,0,0
1,0,23,3.4,0,1
0,0,22,3.5,0,0
1,0,22,3.5,0,0
0,0,23,3.8,0,0
1,1,27,4.3,0,0
0,1,23,4.1,0,0
0,1,25,4,0,0
1,0,29,4.4,0,0
0,1,25,3.9,0,1
1,1,29,3.97,0,0
1,1,26,3,0,0
1,1,24,3.1,0,1
1,0,23,3.5,0,0
0,1,25,3,0,0
1,1,25,4.04,0,0
1,1,26,4.3,0,0
1,1,25,4,0,0
1,0,22,3.9,0,0
1,1,25,4,0,0
1,1,24,3.35,0,1
1,0,23,4.2,0,0
0,0,22,4.5,250,0
1,0,22,3.1,0,0
1,0,22,3.6,0,0
1,0,22,3.8,0,0
1,0,26,3,0,0
1,0,22,4.27,0,0
1,1,26,4,0,0
1,0,24,4,0,0
1,1,25,3,0,0
0,1,26,3.8,0,0
1,0,34,3,0,1
1,1,25,4.3,0,0
1,1,26,3.35,0,0
1,0,21,3.7,0,1
1,1,25,3.6,0,0
0,0,23,4,0,0
0,0,35,4.1,0,0
0,0,28,3.5,0,0
0,1,25,3.8,0,0
0,1,25,3.57,0,1
1,0,23,4.27,0,0
1,1,32,3.9,0,0
1,1,25,4.2,0,1
1,1,25,3.8,0,0
1,1,26,3.1,0,0
1,1,25,3.8,0,1
1,0,23,3.2,0,0
1,1,25,3.8,0,0
1,1,24,3.8,500,0
0,1,24,3.55,0,0
1,1,24,3.4,725,0
1,0,24,3.7,730,0
1,0,33,3.5,0,0
1,0,25,3.5,0,0
1,1,26,3.5,880,0
1,0,24,4.18,700,0
1,0,24,3.55,0,0
0,0,24,3.97,0,0
0,0,23,3.86,0,0
1,1,25,4,920,1
1,1,31,4.5,0,0
1,0,27,3.5,935,1
1,0,24,3.9,760,0
0,1,27,3.5,890,0
0,0,24,3.8,0,0
0,0,24,3.6,0,0
0,0,25,3.93,770,1
1,0,24,4.5,0,0
0,0,24,4.04,0,0
0,0,24,4.2,0,1
0,0,25,4,800,1
1,0,26,3.8,660,0
0,0,24,3.8,0,1
0,1,24,3.9,795,1
1,0,24,3.55,750,1
0,0,24,3.7,0,0
1,0,24,3.5,0,0
1,1,32,3.2,425,1
0,0,24,3.5,0,0
0,1,24,3.1,825,1
0,1,29,3.8,0,0
0,0,23,3.6,0,1
0,0,23,3.9,0,1
1,0,24,3.65,650,0
0,1,25,2.7,0,0
0,0,27,3.5,0,0
1,0,26,3.9,0,1
0,0,24,3.8,0,0
0,0,31,4,880,1
1,1,24,3.4,750,0
1,1,25,3.02,0,0
1,0,25,3.8,0,1
1,0,28,3.8,0,1
0,0,27,3.93,0,0
1,1,32,3.7,0,1
0,0,25,3.9,0,1
0,1,27,3.2,0,0
1,1,27,3.5,0,0
1,0,26,3.5,0,1
0,0,26,3.3,700,0
0,0,25,3.7,0,0
0,0,24,4.15,645,0
0,0,35,3.35,0,0
1,0,25,4,550,0
1,0,25,3.7,0,0
1,0,26,3.1,0,0
1,1,27,3.9,800,0
1,0,27,3.3,0,0
1,0,26,3.44,0,1
1,0,28,3.76,750,0
0,1,28,3.8,700,0
1,1,26,3.9,0,1
0,0,24,3.5,784,0
0,1,27,3,0,1
1,0,25,4.08,0,0
0,0,24,3.1,0,0
1,0,24,3.5,0,0
1,0,25,3.8,880,0
1,0,24,3.9,0,0
1,0,26,3.5,0,1
0,1,26,4.2,0,0
1,1,26,3.7,830,0
0,0,24,4.2,0,0
0,1,25,3.2,0,0
0,0,33,3.8,0,0
0,0,25,3.9,0,0
0,0,25,3.8,0,0
0,1,28,3.1,0,0
1,0,26,4,0,0
1,0,24,4.4,0,1
1,0,24,3.3,0,0
0,1,27,3,0,0
1,0,27,2.8,0,0
1,0,25,3.86,0,0
1,1,29,2.8,0,0
1,0,26,3.6,650,0
0,0,27,4.5,0,0
0,0,26,3.7,0,0
0,1,27,3.5,340,0
0,0,24,4.2,0,1
0,0,24,2.8,700,0
0,1,30,3.3,0,0
0,0,25,3.5,0,0
1,0,24,4,0,1
1,0,25,2.8,0,0
1,0,24,4.3,0,0
1,1,27,4,0,0
0,0,25,3.8,800,0
1,0,25,3.6,0,0
0,0,28,3.8,700,0
1,0,28,3.93,650,0
1,0,27,3.5,730,1
1,1,27,3.5,0,0
1,0,26,4.2,900,0
0,0,25,3.7,860,0
0,0,26,4,755,0
1,1,27,3.7,830,0
1,0,28,3.5,895,0
0,0,26,3.2,895,1
0,1,28,4,830,0
1,1,29,3.5,750,0
0,0,26,3.7,0,1
1,0,24,4.3,0,0
0,1,29,4.2,870,0
1,1,28,4,800,0
0,1,27,3.5,890,0
1,0,26,3.7,0,0
0,0,25,4.2,0,1
0,0,24,4.5,0,1
1,1,26,4,0,1
0,0,24,4.04,0,1
1,0,28,4.5,450,1
1,0,26,3.8,0,0
1,0,25,3.8,0,0
0,0,23,3.9,0,0
1,0,25,3,0,0
0,0,25,3.3,0,1
0,1,25,3.6,0,0
1,0,28,4.1,735,1
1,0,25,4.1,825,1
1,1,28,3.1,590,0
1,1,29,3.4,0,0
1,0,24,3.35,985,0
1,1,28,3.3,0,0
1,0,24,3.7,980,0
1,0,24,4.2,0,0
1,1,29,3,0,0
1,0,26,4,910,0
1,0,25,4,820,0
1,0,27,3.9,880,0
0,0,26,4.2,0,0
0,1,27,3.8,0,0
1,1,27,3.9,990,1
1,0,25,3.8,860,1
0,0,30,4.2,0,0
1,0,29,3.7,0,0
1,0,26,4.2,940,1
1,1,28,3.8,865,0
0,1,30,3.6,880,1
1,0,26,3.7,916,1
1,0,26,3.5,900,1
1,0,28,3.7,860,0
1,0,26,3.7,840,0
0,0,27,3.9,940,1
0,0,27,3.7,900,1
1,0,25,4.3,910,1
0,0,27,3.55,945,0
0,0,23,3.8,960,0
0,0,24,4.4,860,0
1,0,25,3.8,0,1
1,0,27,3.8,875,0
0,1,27,3.34,775,0
1,0,25,4.29,935,0
0,0,25,3.34,700,0
0,0,25,4.29,955,0
1,0,27,4.1,890,0
1,0,26,3.9,0,1
1,0,26,3.9,930,0
1,0,25,3.3,895,0
0,0,25,3.8,940,1
0,0,26,3.5,600,0
0,1,27,4,720,0
0,1,28,4,925,1
1,0,24,4.2,930,0
1,0,30,3.4,0,0
1,0,29,3.9,0,0
1,1,30,4.3,970,1
0,0,26,3,0,0
1,0,25,3.5,850,0
1,0,25,4.39,865,1
1,1,27,3.4,0,1
0,0,25,3.8,615,0
1,0,25,3.8,0,0
1,0,27,3,690,0
0,0,25,3.5,0,1
1,0,26,3.2,0,0
0,1,28,3.5,0,1
0,0,30,3.8,0,0
1,0,23,3.9,0,1
1,0,25,3.7,0,1
0,0,25,3.5,700,1
1,0,24,3.8,860,1
1,1,30,3.4,0,1
0,0,27,3.5,0,0
1,0,26,3.6,710,0
0,0,24,3.5,0,0
0,0,26,3.8,0,1
1,0,24,4,790,1
1,1,29,3.8,900,0
1,1,27,3.86,960,0
1,1,28,3.5,0,0
1,0,25,3.6,525,1
1,0,25,3.8,790,0
1,0,27,3.8,0,0
0,0,26,4.27,0,1
0,0,26,3.3,0,0
0,0,26,3.4,875,0
0,0,25,3.5,0,0
1,1,26,3,0,0
0,0,27,3.7,670,0
1,0,26,4,725,0
1,0,25,4,750,0
0,0,30,2.8,935,1
1,0,24,4,900,0
1,0,24,4.1,760,1
1,0,33,4.39,0,0
0,1,28,3,0,0
1,1,27,3,0,1
1,1,31,3.1,0,0
1,1,27,3.7,600,0
1,0,24,3.1,0,0
1,0,24,4.3,740,1
0,1,28,3,880,0
1,0,26,3.9,850,0
1,0,25,2.8,0,0
1,0,26,4.08,0,0
1,0,24,4,400,0
1,1,27,3.5,0,0
0,0,24,4.1,0,0
1,0,24,4,540,1
1,0,25,3.3,0,0
1,0,23,4,680,1
0,0,25,3.5,0,1
1,1,27,4.39,0,0
0,0,24,3.7,740,1
1,1,30,3,800,1
1,0,24,4.2,0,0
1,1,27,3.6,810,1
1,1,27,4.3,0,1
1,1,27,3.5,760,0
0,0,24,3.8,0,0
1,0,25,4,0,0
1,0,27,3.2,0,1
1,0,25,3.6,0,0
1,1,28,3.5,860,0
0,0,25,3.7,0,0
1,0,25,4,0,1
1,1,29,3.4,0,1
1,0,26,3.7,750,0
1,0,26,3.34,780,1
1,0,24,3.3,0,1
0,1,27,3.4,800,0
0,0,24,4.1,740,1
1,0,25,3.8,0,0
1,0,25,3.8,780,1
1,0,24,3.5,0,0
1,0,24,3.3,0,0
1,0,26,3.7,0,0
1,1,27,3.8,580,1
1,0,27,3.4,500,0
1,0,25,4.3,0,0
1,0,29,3.7,0,0
0,1,26,2.9,0,0
1,0,28,3.8,0,0
0,1,28,3.23,780,0
0,0,26,3.7,570,0
0,0,25,3.8,0,0
0,1,30,3.34,835,0
1,0,25,3.86,935,0
1,1,27,3.1,615,0
0,0,22,4.3,0,0
0,1,28,3.2,0,1
0,0,24,3,0,0
0,1,28,3.8,0,0
0,1,28,3.5,960,0
0,0,27,4.27,965,0
0,1,27,3.8,0,0
0,0,25,3.9,800,0
1,1,30,3.5,0,0
1,1,27,3,0,0
1,0,26,2.5,0,0
0,1,27,3.3,450,0
1,1,26,3,0,0
1,0,23,3.97,0,0
0,1,30,4.2,710,1
1,0,24,3.8,0,0
0,1,30,4.18,370,0
1,1,26,3.8,0,0
0,1,27,3.5,0,0
0,0,23,4.1,0,0
1,1,27,3.6,0,0
1,1,26,3,0,0
1,0,23,3.9,0,0
1,0,25,3.5,0,0
0,1,29,2.9,700,0
1,1,33,2.1,0,0
0,0,24,3.35,0,0
0,1,27,3.2,0,0
1,0,30,4.4,0,0
1,1,30,4,0,1
1,1,28,3.5,0,0
1,1,28,4.39,0,0
0,1,26,3,0,0
1,0,30,3.9,0,0
1,0,27,3.9,0,1
1,0,26,3.9,780,0
0,0,26,3.9,0,0
1,0,26,3.7,800,0
1,1,29,3.6,890,0
1,0,25,3.8,0,0
1,0,25,3.9,905,0
1,0,24,3.8,0,0
1,1,26,3.3,725,1
1,1,26,3.3,0,0
1,1,27,3.3,0,0
0,0,26,2.9,0,0
1,1,28,3.5,0,0
0,0,24,3.8,500,0
1,1,27,2.8,0,0
1,0,26,4.3,0,0
1,1,28,2.9,0,0
1,0,27,3.3,630,0
1,0,24,3.5,600,1
1,1,31,2,0,0
1,1,26,3,600,1
1,0,27,3.5,0,0
1,0,26,3.5,735,0
1,0,26,3.6,700,0
1,0,27,3.8,820,0
1,1,28,3.8,750,0
1,0,25,3.3,810,1
0,0,37,3.8,0,0
0,1,27,3.4,0,0
0,1,27,3,0,0
1,1,27,3.7,0,0
1,1,29,3.2,0,1
1,1,28,3.5,0,0
1,1,26,3.5,0,1
0,0,26,3,0,1
1,0,23,3.5,0,0
1,1,30,3,830,0
0,1,26,3.3,0,1
1,0,24,3.2,0,1
1,1,29,3.5,0,0
0,1,28,4,910,0
1,0,26,3.2,0,0
1,0,26,4.1,0,1
0,1,27,3.9,600,1
1,1,27,3.8,0,1
0,1,28,3.8,700,0
1,1,28,3.5,0,0
1,1,27,3.5,700,1
0,1,27,2.8,0,0
0,0,26,3.5,750,0
1,0,26,4.2,910,1
1,0,24,3.6,780,0
1,1,29,3.5,0,0
1,1,27,3.9,450,0
0,1,27,3.5,0,0
0,0,24,3.7,0,1
0,1,29,3,850,0
1,1,29,3.5,780,0
1,1,28,3.8,0,1
1,1,29,3.5,0,0
0,0,25,4.1,740,1
1,1,27,3.9,0,0
1,1,26,4,0,0
1,0,23,4,840,0
1,1,30,3,0,0
0,1,34,3,0,0
1,1,28,4,0,0
0,1,30,4,700,0
1,1,29,3.8,710,0
1,0,27,3.8,865,0
0,1,29,3.7,750,0
0,0,27,3.9,825,0
1,0,25,4.3,0,0
0,1,29,3.5,800,1
0,1,27,3.7,0,1
0,1,30,3.34,950,0
1,1,29,3.2,825,0
0,1,30,4.2,875,0
0,0,32,2.8,800,0
1,0,24,3.5,965,1
1,1,30,3.5,875,0
0,1,26,4.3,845,0
0,0,27,3.5,860,0
0,0,25,3.8,0,1
1,1,28,3.5,0,0
0,1,29,4.3,755,0
1,1,26,3.8,835,0
0,0,25,4,0,0
1,0,25,3.5,910,1
0,1,27,3.9,0,0
0,1,28,3.1,0,1
0,1,29,4,0,0
0,1,29,3.7,730,0
1,1,28,3.3,910,1
0,1,27,3.6,755,0
1,0,24,3.8,0,0
1,0,24,3,0,0
1,1,28,3.6,0,0
1,1,28,3.6,850,0
0,0,25,3.4,865,0
1,1,31,4.1,750,0
0,0,26,3.6,645,0
1,1,29,3,0,0
1,0,26,3.9,300,1
1,1,29,3.6,500,0
1,1,27,4.2,820,0
1,0,25,4.3,625,1
1,1,27,3.9,820,0
1,1,29,3.1,0,0
1,0,24,4.2,600,1
1,1,26,3.2,0,0
1,1,29,3.5,750,0
1,0,24,3.6,0,0
0,0,26,3,0,0
1,1,27,3.5,0,0
1,1,27,4.5,0,0
1,1,27,3,450,0
1,1,26,3.2,0,0
1,1,26,3.5,0,0
1,0,24,4.2,700,0
1,0,26,3.7,0,0
0,0,24,3.8,0,0
1,0,25,3.9,860,0
1,0,25,4.2,450,0
0,0,23,3.7,640,0
1,1,27,3.6,825,0
0,0,25,3.4,600,1
1,1,28,3.8,0,0
1,1,31,3.3,710,0
0,1,30,3.7,780,1
0,1,29,4.2,0,0
1,1,26,3.7,900,0
0,1,26,3.5,0,0
0,1,27,4,830,0
0,1,27,3.1,720,1
1,1,29,3.8,0,0
0,0,23,4.3,0,1
1,0,24,3.5,0,0
1,0,25,4.2,850,1
1,0,25,3.6,0,0
1,1,28,4.1,880,0
1,1,27,3.65,800,0
1,1,27,3.65,0,1
1,0,24,4.1,845,0
0,0,25,3.8,0,0
0,1,26,3.5,600,0
1,1,29,3.8,760,0
1,0,27,4,0,0
0,1,29,3.8,850,0
1,0,26,3,860,0
1,0,26,3.3,0,0
1,1,29,3.9,930,0
0,0,27,2.91,750,1
0,1,30,3.8,0,0
1,1,26,4,950,0
1,0,28,3.23,880,0
0,1,27,3.44,790,0
0,0,29,2.87,820,0
0,0,27,3.34,855,1
0,0,25,3.3,880,0
1,1,27,3.9,905,1
0,1,27,3.7,900,0
0,1,25,3.9,0,0
1,1,30,3.57,0,0
1,1,29,3,0,0
0,0,27,3.5,915,0
0,1,28,3.8,890,0
1,1,27,3.8,830,0
1,1,26,3.3,0,1
0,1,27,4.39,0,1
0,1,28,3.7,830,1
1,1,27,3.5,0,1
0,0,25,3.4,700,0
1,1,24,4.04,0,0
1,1,28,4.04,865,1
0,0,23,3.3,0,0
0,0,28,3,0,0
1,0,25,4.3,830,0
1,1,27,3.5,0,0
1,1,30,2.8,700,0
0,0,28,4.3,0,0
0,0,23,3.7,0,0
1,1,29,3.7,0,0
1,1,27,3.7,0,1
1,0,26,4.2,0,0
0,0,25,3.9,845,1
1,0,26,4.1,0,1
1,0,24,4,855,1
0,0,23,2.9,600,0
0,1,28,3.4,880,1
0,0,23,3.3,400,0
1,0,25,4,600,0
1,1,28,3.65,0,1
1,1,26,3.3,0,1
1,1,26,4.2,670,0
1,0,24,4.3,0,1
1,1,26,3.2,600,1
1,0,24,3.9,750,0
1,0,25,3.9,0,1
1,1,29,3.35,880,1
0,0,26,3.5,830,0
1,0,26,3.2,0,0
1,0,26,3.9,840,1
1,0,23,3.6,240,1
1,1,26,3.5,0,0
1,0,24,3.7,0,0
1,0,26,3.4,0,0
0,0,24,4,0,0
1,0,23,3.8,0,0
1,1,30,3,0,0
1,1,26,3.4,0,0
1,0,25,3.8,840,0
1,0,23,3.9,0,0
0,0,24,3.9,0,0
1,0,24,4.2,0,0
0,0,25,3.97,400,0
1,1,27,4.1,700,1
1,0,26,3.8,900,1
1,1,28,3.5,670,0
0,0,26,3.7,500,0
1,0,24,3,0,0
1,1,28,2.8,0,0
1,1,28,3.8,0,0
1,0,26,3,500,0
1,1,28,4.3,700,0
1,1,28,3.2,0,0
1,1,31,3,0,0
0,0,26,3.9,910,1
1,0,26,3,675,0
0,0,26,3.2,780,0
0,1,26,4,300,0
0,0,24,4,800,0
1,1,26,3.8,805,0
0,0,24,3.9,0,0
1,0,23,4.2,0,1
0,0,25,3.7,0,0
1,1,28,2.9,0,0
1,1,28,3.6,0,1
0,1,34,3.8,895,0
1,0,28,4.2,745,0
0,1,29,3,0,0
1,1,30,3,670,1
1,1,27,3,0,1
1,1,30,4.5,680,1
0,1,28,3.5,0,1
0,1,26,3,0,0
1,0,26,4.1,905,0
0,1,28,3.65,0,0
1,0,25,3.7,890,1
1,0,25,4.1,880,0
0,0,28,3.7,0,0
1,0,26,3.8,0,1
1,1,27,4,925,0
0,1,27,3.5,800,0
1,0,26,3.3,0,0
1,0,25,3,955,1
1,1,26,3.5,745,0
1,1,31,3.2,0,0
0,1,28,3.6,0,1
1,1,28,3.8,0,0
1,1,29,4,750,0
1,1,28,3.8,0,1
1,0,25,3.9,925,1
0,1,30,3.3,725,0
1,0,28,3.1,835,0
1,1,29,3.2,0,0
1,0,25,3.8,0,1
1,0,25,3.3,0,0
0,1,29,3.5,765,1
1,0,25,3.8,560,0
1,0,25,3.7,0,0
1,1,27,4,700,0
1,1,26,3.5,680,0
0,0,25,3,0,1
0,1,26,3.7,650,1
1,1,26,3.1,300,0
0,0,25,3.5,600,1
0,1,28,3.6,0,0
1,1,26,2.8,0,0
1,1,27,3.8,920,1
1,1,26,4,0,0
0,1,24,3.8,0,0
1,0,25,3.5,0,0
1,1,27,3.2,0,1
1,1,26,2.5,0,0
1,0,26,3,0,0
1,1,26,3.4,600,0
1,1,28,3.8,0,0
1,0,24,4,0,0
0,1,28,3.5,620,1
1,0,27,3.5,600,0
0,0,26,3.7,830,1
0,0,28,3.4,850,0
1,1,29,3,955,0
1,1,28,3.8,850,0
0,0,26,3.1,520,1
1,0,26,3.7,750,0
0,1,29,3.5,740,0
1,0,26,3.7,840,0
1,0,26,3.65,975,0
0,1,28,4.2,0,0
0,0,27,3.7,480,0
1,0,29,2.59,0,1
0,0,29,3.5,0,0
1,1,31,3.4,820,0
1,1,29,4.4,0,0
0,0,27,3.5,800,0
0,0,25,3.9,0,0
1,0,26,3.9,845,0
1,1,29,3.8,0,0
0,0,24,3.7,0,1
1,1,26,3.1,0,0
0,1,29,3.9,740,0
1,0,32,3.8,0,0
0,1,28,2.8,740,0
0,1,27,4,0,0
0,1,29,3.4,0,0
0,0,25,3.2,800,0
1,0,26,3.8,0,1
1,1,27,4.3,900,0
0,0,26,3.4,0,1
1,1,28,3.5,0,0
1,1,27,3.4,0,0
0,1,28,3.5,0,0
1,0,25,3.7,0,0
1,0,28,3.8,900,0
0,1,26,3.7,850,0
0,1,27,4.1,700,0
1,0,25,3.7,855,1
1,0,25,4.1,715,0
0,0,25,4.1,0,1
1,1,28,3.5,500,0
0,0,24,3.9,915,0
1,1,26,3.1,0,0
1,1,24,2.3,0,0
0,0,25,3.8,0,1
1,0,35,4,0,0
0,0,25,3.8,780,0
0,0,25,3.6,640,0
1,0,28,4,0,1
1,0,24,3.5,0,0
1,1,26,3.8,0,0
1,1,29,3,0,0
0,0,25,3.7,730,1
1,0,25,4,900,1
1,0,24,3.3,340,1
1,1,26,3.76,0,0
1,0,24,4.1,0,0
0,1,26,3.7,0,0
1,0,24,3.4,0,1
0,0,24,3.8,0,1
1,0,38,4,0,0
0,1,35,3.1,0,0
1,1,27,3.1,0,0
0,1,27,3.8,0,0
0,1,26,3,610,0
1,1,25,3.8,0,0
1,0,26,3.7,0,0
1,0,24,3.93,500,1
0,1,27,3.8,0,0
1,0,25,3.5,0,0
1,1,28,3.6,920,1
0,0,24,3.7,0,0
1,0,23,4.2,0,0
1,1,27,3.3,0,0
1,1,27,4.18,0,0
1,0,24,3.4,0,0
0,0,25,4,0,1
1,0,23,3.4,0,1
1,0,27,3.5,0,0
1,0,24,3.8,800,0
1,1,27,3.6,0,0
0,1,26,2.53,0,0
0,1,28,3,400,0
1,0,23,3.5,0,0
1,0,24,3.9,0,1
1,0,27,4,0,0
1,0,24,3.9,0,0
1,0,23,3.3,0,0
1,1,24,3.5,0,0
0,0,24,3.5,0,0
1,0,25,4,0,1
1,0,25,4,550,0
0,1,29,3.5,705,0
1,1,28,3.2,650,0
1,0,24,4,0,1
1,0,24,3.5,0,0
1,0,25,3.5,0,1
1,1,29,3.3,0,0
0,0,25,4.1,0,1
0,0,25,4.2,0,0
1,1,27,3.8,0,0
1,1,26,4.15,0,0
1,1,28,3.8,0,0
1,0,24,3.8,0,1
1,0,25,3.5,0,1
0,0,29,3.3,0,0
0,1,28,3.5,0,0
0,1,28,3.3,600,0
1,1,31,3.1,800,1
0,0,25,3.12,0,0
0,0,25,3.86,0,0
1,0,26,3.8,935,0
1,1,28,4.1,650,0
1,1,26,3.4,0,1
1,0,25,4.1,0,1
1,1,28,3.6,780,0
1,1,28,3.5,0,0
1,0,25,3.7,925,0
0,1,27,3.8,0,0
0,0,25,4,0,0
1,0,27,3.8,0,0
1,0,25,4.3,675,1
1,0,24,4.2,750,0
1,1,28,3.9,895,1
1,1,27,3.5,0,1
1,1,28,3.6,0,0
1,0,24,3.8,595,0
1,0,25,3.2,780,0
0,0,26,3.3,830,1
1,0,25,3.7,800,0
1,0,27,3.5,875,0
0,1,30,4.1,895,0
0,0,25,3.8,925,1
0,0,25,3.5,0,1
1,1,27,3.8,0,0
1,1,27,3.8,700,1
0,0,24,3.9,0,0
1,1,27,4.27,0,1
1,0,26,4.1,0,0
1,0,25,3.9,790,0
0,0,24,4.39,820,0
1,0,25,4,0,0
0,0,24,3.4,600,1
1,1,27,3.7,0,0
0,1,27,3.4,870,0
0,0,25,3.2,0,1
1,0,27,3.9,500,1
1,1,28,3.4,0,1
0,0,26,3.5,855,0
0,0,27,3.5,0,0
1,0,26,4,0,1
1,1,27,3.3,0,0
1,1,27,3.4,880,0
1,1,28,3.3,0,0
0,1,29,3.6,780,0
1,1,26,3,0,0
1,0,25,3.6,860,1
1,0,23,3.5,500,0
1,0,24,3.8,0,0
0,1,27,3.7,590,0
0,0,26,3.6,740,0
1,0,25,3.7,0,0
0,1,29,3.7,0,0
0,0,24,4.3,470,0
0,1,28,4,560,0
0,1,26,3.4,0,0
0,0,26,3.8,0,0
1,0,26,3.8,0,1
1,0,25,3.69,0,0
1,1,29,4.2,0,0
1,0,24,4,0,0
1,1,32,3.2,850,1
0,1,38,2.5,0,0
1,1,28,3.7,0,0
1,0,25,4,860,1
0,1,29,3.5,835,1
0,1,29,3.1,550,0
1,1,28,2.8,0,0
0,0,26,3.9,0,0
1,0,25,4.27,530,0
1,0,27,3.9,0,0
1,1,27,3.6,825,0
0,0,26,3.9,850,0
0,1,29,3.2,0,0
1,1,29,4.08,910,0
0,1,29,3.8,725,0
1,0,26,4.15,915,0
1,1,30,4.2,0,0
1,0,25,3.3,0,0
1,0,24,3.8,700,0
0,0,24,4.1,0,1
0,0,25,3.2,0,0
0,1,26,3.5,0,0
0,1,28,3.8,0,0
1,0,24,3.6,500,1
0,1,27,2.8,0,0
1,0,26,3.7,0,1
1,0,26,3.9,400,0
0,1,27,4.39,0,0
0,1,26,2.9,0,0
0,0,26,3.8,565,1
1,1,28,3.4,0,1
0,1,25,3.2,0,0
0,0,24,3.8,0,0
1,1,27,4.1,700,1
1,0,25,4.1,670,1
0,0,24,3.8,0,0
1,1,28,3.4,0,0
1,1,27,3,0,0
0,1,27,3.1,650,0
0,1,27,3.7,0,0
0,1,26,4.2,0,0
1,0,25,4,700,1
0,0,26,3.5,0,0
0,0,26,4.1,0,0
1,1,26,3.8,0,1
1,0,23,4.4,0,0
0,0,24,3.8,0,0
0,1,25,3.5,0,0
0,1,26,3.7,0,1
0,0,26,3.9,840,0
1,1,31,3,0,0
0,0,27,3.8,0,0
1,1,30,3.65,645,0
0,1,28,3.44,710,0
1,1,29,3.6,805,0
0,1,28,3.5,0,1
0,0,33,4.39,0,0
1,0,25,4,860,1
0,0,26,3.9,0,1
0,0,29,4,0,0
0,0,26,3.65,860,0
0,1,28,3.8,0,0
1,0,25,3.4,0,1
0,1,27,3.5,0,0
1,0,26,3.8,690,0
1,0,23,4.1,500,0
0,0,25,4.3,0,0
0,0,29,3.5,0,0
0,0,26,3.8,675,1
0,0,25,3.2,0,1
0,1,30,3.8,800,0
0,0,25,4.2,0,0
1,1,28,4.1,0,0
0,0,28,3.35,0,0
1,0,24,4.1,0,0
1,0,25,3.5,0,0
0,0,25,4.1,0,1
0,0,25,4,0,1
0,0,25,3.6,0,0
0,0,24,3.4,0,0
0,0,26,4.3,760,0
0,0,24,3.7,0,0
1,0,24,3.8,0,0
1,0,23,4.3,0,1
1,0,24,3.6,810,1
1,0,23,3.8,0,1
1,1,27,3.93,0,0
0,0,23,3.5,0,1
1,0,24,4,0,1
1,0,24,3.8,0,0
1,0,24,4.4,0,0
1,0,25,4.3,0,0
1,0,24,3.9,0,1
1,0,24,3.5,0,0
0,0,25,3.6,0,1
1,1,27,4,0,0
0,0,24,4.2,0,1
1,0,26,4,0,0
1,0,24,3.8,0,1
1,0,27,4.29,0,0
1,1,27,4.1,0,0
1,1,26,3.8,0,0
1,1,27,4,0,0
0,0,22,4.3,0,0
0,1,27,4.3,0,0
0,1,26,3.5,0,0
1,0,24,4,780,0
0,0,24,4,0,0
1,1,27,3.8,0,1
1,0,24,3.6,0,0
1,1,26,3.8,0,1
0,0,24,4.27,0,0
1,0,24,3.93,0,0
1,1,28,4.3,0,0
0,0,24,3.8,0,0
0,0,25,3.3,0,1
0,0,25,4.2,0,0
1,1,23,3.7,0,0
0,0,23,3.5,790,0
1,0,23,3.8,0,0
0,0,26,3.9,940,1
1,0,24,3.9,0,0
0,1,26,4,0,0
0,1,28,3.9,890,0
1,0,25,4,0,0
0,0,27,4,690,1
1,1,27,3.1,860,0
0,0,23,3.44,0,1
0,0,26,3.34,0,0
0,0,25,3.7,0,0
0,1,29,3.5,920,0
0,0,25,4.1,945,0
1,1,27,4.2,895,1
1,0,25,3.8,0,0
0,0,26,4.15,0,0
0,0,24,4.1,0,0
1,0,26,4.1,965,0
0,0,25,3.97,0,0
1,1,28,3.3,0,0
0,0,24,4.3,0,0
0,0,24,4.2,0,1
0,0,24,3.2,0,0
0,0,24,4.39,950,0
0,0,23,4,0,0
0,0,24,3.5,0,0
0,0,25,4.3,0,1
0,1,27,2.9,0,0
0,1,27,3.4,0,0
1,0,26,3.6,0,0
0,0,25,4.4,895,0
0,1,26,3.8,0,0
0,1,27,3.8,0,0
1,0,24,3,0,0
1,1,27,3.2,380,0
1,0,25,3.9,0,0
0,0,24,3.4,0,0
1,1,27,3.9,0,0
0,0,24,3,0,0
0,1,29,3.4,760,0
1,1,26,3.9,925,0
0,1,28,3.8,720,0
0,1,29,4.08,900,0
0,0,25,3.8,920,0
0,0,24,3.8,0,0
1,1,26,3.7,820,0
0,0,23,3.7,0,0
0,1,26,3.12,0,0
0,1,29,4.29,800,1
1,0,24,3.9,0,0
0,0,22,4.2,0,0
0,1,27,4,0,1
0,0,26,3.8,0,0
0,0,23,4.3,0,0
0,1,27,3.6,0,0
1,0,25,4,0,0
0,0,24,3.3,560,0
0,1,26,3.7,0,0
1,1,27,4,0,0
0,0,24,4.2,0,1
0,0,24,3.5,0,0
0,0,25,4.2,0,0
1,1,27,3.3,730,0
1,1,25,3.5,0,0
0,0,26,3.4,0,0
0,0,27,3.7,0,0
0,1,26,3.8,0,0
1,0,26,3.7,0,0
0,1,27,3.5,0,0
0,1,30,3,0,1
1,1,28,2.8,0,0
1,1,26,4,0,0
0,1,26,3.55,0,0
1,1,26,3.97,0,0
0,0,23,4,0,0
0,1,26,3.8,0,0
1,0,27,3.7,0,0
1,0,27,4,0,0
0,1,27,3.4,550,0
0,0,23,3.8,775,1
1,1,30,3.7,0,0
1,1,24,3.5,0,0
0,0,26,4.1,0,0
0,1,27,4.1,0,0
1,0,24,3.5,0,0
1,0,25,3.9,0,0
0,1,27,4.1,0,0
0,1,24,3.5,550,0
1,0,24,3.8,0,0
0,1,28,3.1,0,1
0,0,30,3.3,0,1
0,0,26,3.7,0,0
1,1,26,3.7,600,0
1,0,24,3.8,0,0
0,0,25,3.4,915,0
0,0,24,3.9,0,0
1,0,24,4,0,1
0,0,23,3.6,0,0
1,1,25,4.2,450,0
0,0,26,4.2,760,0
0,1,27,3.4,0,0
0,0,24,4.5,0,0
1,0,25,3.1,0,1
1,1,26,4,0,1
1,0,24,3.9,0,1
1,0,24,4.2,0,0
1,1,26,3.8,0,0
0,1,30,4,0,0
0,1,25,4,0,1
0,1,26,4,0,0
1,0,25,4.2,0,0
1,0,23,4,750,0
1,0,24,4,0,0
1,1,28,3.6,0,0
1,0,26,3.5,990,1
0,1,29,4,920,0
1,0,26,3.7,910,0
1,0,25,3.5,600,0
1,1,27,4.1,940,0
1,1,28,3.5,865,0
1,1,27,3.5,0,1
0,0,25,3.5,0,0
1,0,26,3.5,895,0
0,1,29,4.39,0,0
0,0,25,4.1,780,1
1,1,26,3.6,0,0
1,1,27,3.8,720,0
1,1,28,3.5,550,1
1,1,28,3.7,0,0
1,1,27,4.2,0,1
0,1,28,3.7,0,0
1,1,28,3.5,0,0
0,1,30,3.2,895,0
1,0,28,3.5,0,1
1,0,26,3.5,500,1
1,1,29,3,0,1
0,0,27,3.9,0,0
0,1,28,3.5,815,1
1,0,26,3.3,910,1
0,1,26,4.4,0,1
0,0,24,3.35,0,0
1,1,29,3,0,0
0,1,27,3.1,0,1
1,0,26,3.4,600,0
0,1,28,3.3,780,1
0,1,28,3.7,0,0
0,1,27,4.15,0,0
1,1,28,3.4,0,0
0,0,25,3.9,700,0
0,1,28,3.46,0,0
0,0,27,4.1,0,0
1,0,26,3.5,0,0
0,1,30,3.97,800,0
1,0,25,3.8,810,1
1,0,25,3.8,0,0
1,0,25,4.4,0,0
1,0,25,3.7,0,0
1,1,27,3.4,0,0
1,0,25,3.7,0,0
0,0,24,3.2,0,1
0,0,23,3.8,885,1
0,1,27,4.04,875,0
1,1,27,3.8,0,0
1,1,28,3.2,910,0
1,0,26,4.1,780,0
0,1,30,4.1,0,0
0,1,26,3.5,920,0
1,1,29,2.6,0,0
0,1,25,3.97,400,0
1,1,28,3,0,0
1,1,28,3.7,330,0
0,1,28,2.8,0,1
1,1,29,3.3,0,0
1,1,28,3.7,0,0
1,1,28,3.5,600,0
0,1,28,2.8,0,0
1,1,39,2.7,0,0
0,1,28,2.9,0,1
1,0,26,3.6,700,0
0,1,27,4.1,770,0
1,1,27,2.9,0,0
1,1,26,3,0,0
1,1,26,3,0,0
1,0,25,3,550,0
1,1,39,4.3,0,0
0,1,28,3.1,0,0
1,1,27,4.1,795,0
1,0,23,3.8,0,0
1,1,28,3.8,810,1
1,0,23,3.5,695,0
0,0,26,3.4,755,1
0,1,27,3.6,645,0
1,1,29,3.5,650,0
0,1,28,3.35,600,0
1,0,25,3.5,700,1
1,1,28,3,0,0
1,1,27,3,0,1
1,0,24,3.8,0,0
0,0,25,3.7,721,0
1,1,26,3.8,0,0
1,1,26,4.2,0,1
0,0,25,3.5,850,0
0,1,26,3.7,700,0
0,1,28,3.97,0,0
0,1,26,3.8,0,1
1,1,26,2.9,0,1
1,1,27,3.9,850,1
0,1,28,4,930,1
1,1,30,3,750,0
1,1,28,3.5,750,0
1,1,27,3.4,0,0
1,1,28,4.3,905,1
0,0,25,3.3,850,1
1,0,24,3,890,0
1,1,28,3.9,760,0
1,1,27,3.8,0,0
1,0,24,4,870,0
0,1,26,3.5,0,0
0,1,30,3.5,0,0
1,1,26,3.9,0,0
1,1,31,3.2,0,0
1,1,30,3.8,0,0
1,1,28,3.3,0,1
1,1,27,3.4,780,1
1,1,28,3.8,0,1
0,1,27,3.7,0,0
1,1,27,3.9,700,1
1,1,28,3.5,750,0
1,1,29,3.5,0,1
1,1,29,3.7,0,0
1,1,30,3,0,0
1,1,28,3.6,750,1
0,1,27,3.7,660,0
1,1,28,3.7,0,0
1,1,28,3.1,0,1
1,1,27,4.39,865,0
1,1,27,3.1,700,1
1,1,28,2.8,0,0
1,1,29,3.1,0,0
0,1,27,3.1,0,0
0,1,28,3.86,890,1
0,1,28,3.6,785,1
1,1,27,3.4,700,0
0,0,24,3.9,745,0
1,1,27,3.8,450,0
1,0,25,3.9,780,0
1,1,27,3.2,835,1
1,1,27,3.1,0,0
0,1,27,2.91,0,0
0,1,26,3.1,0,0
1,1,27,3,0,0
0,1,26,3.4,0,0
0,1,27,3.1,690,0
1,0,26,3.8,790,1
1,1,28,4,0,0
1,1,27,3.2,750,0
1,1,27,4.2,750,1
1,0,28,4.2,0,0
1,1,27,3.6,0,0
1,1,30,4.2,0,0
0,1,28,3.5,520,0
1,1,27,3.8,0,0
0,1,27,3.4,600,0
0,0,26,3.8,0,0
0,1,27,3,0,0
1,1,27,2.7,298,0
0,1,27,3.7,0,0
1,1,27,3.8,0,0
0,1,31,4.2,815,0
1,1,28,3.6,0,0
1,1,26,3,0,0
1,1,29,3.6,0,0
0,1,28,3.7,640,0
1,1,31,3.7,0,0
1,1,27,3,830,0
1,1,29,2.8,615,1
1,1,29,3.8,0,1
1,1,28,3.2,700,0
1,1,28,3.6,905,1
1,1,28,3.2,0,0
1,1,27,3.2,0,0
0,1,30,3.65,860,0
1,1,28,3.44,0,1
0,1,28,3.8,0,0
0,1,28,2.7,0,0
1,1,29,3.3,715,0
0,1,25,3.2,920,0
0,1,26,3.9,560,0
1,1,27,3,0,1
0,1,27,3.2,0,0
1,1,28,2.9,0,0
1,1,28,2.4,0,0
1,1,29,3,800,1
0,1,27,3.9,0,0
0,1,27,3.5,0,0
1,1,28,3.5,0,0
1,1,27,3.6,0,0
1,0,26,3.5,0,1
1,0,25,3.9,0,0
0,1,29,3.6,650,0
0,1,35,3,0,0
0,0,24,4.1,745,1
0,1,26,3,620,0
1,1,26,3.8,0,0
1,1,29,3.3,0,1
0,1,30,3.5,0,0
0,1,28,2.3,0,1
1,1,27,3.1,0,0
1,0,24,3.8,0,0
1,0,26,2.8,840,0
1,1,27,3,0,0
1,1,30,2.8,600,0
1,1,27,3.2,0,1
1,1,28,3.5,0,0
1,0,26,3.9,760,0
0,1,31,3.2,585,0
0,1,31,4.27,700,0
0,0,25,4.3,0,0
1,1,28,3.2,500,1
0,1,27,2.91,760,1
1,0,25,3.2,830,0
0,0,25,3.1,0,0
0,1,26,3,0,0
0,1,26,3.8,300,0
0,1,28,3.5,595,0
1,1,27,3,0,0
0,1,27,3.6,0,1
0,0,25,4.3,890,0
1,1,28,3.6,850,0
0,1,28,3.6,800,0
1,1,29,3.2,600,0
1,1,27,3,0,0
1,0,26,3.1,710,0
1,1,27,3.4,580,1
0,1,27,3.5,0,0
1,1,28,3.7,700,0
1,1,25,2.7,0,1
1,1,28,3.4,0,0
0,0,25,3.5,720,0
1,1,30,3.1,0,0
1,0,25,4.2,730,1
1,0,25,4.3,0,0
1,1,27,4,0,0
1,1,28,3.8,0,0
0,1,27,4.2,600,1
1,0,23,2.5,0,0
1,1,29,3.1,0,0
1,1,27,3.9,660,0
1,0,26,3.3,895,0
0,1,28,3.7,0,0
1,0,23,3.4,0,1
1,1,27,4,700,0
1,0,25,3.5,730,0
1,0,25,3.1,0,0
1,1,28,3.55,0,1
1,1,29,3.3,895,0
1,1,25,4.1,0,0
1,1,32,3.7,0,0
1,0,25,3.8,775,0
1,1,29,3,0,0
0,0,25,3.3,580,0
0,0,25,3.86,885,0
1,1,28,2.7,665,0
0,0,26,3,0,1
0,0,24,4.1,0,1
1,1,26,3.7,0,1
0,1,29,3.6,0,0
1,0,24,3.7,600,0
1,0,25,3.7,645,0
1,1,27,3.5,0,0
0,1,28,3.5,0,0
0,1,26,2.8,0,0
1,1,29,4.1,0,0
1,1,30,4.3,650,1
0,1,28,3.5,600,0
1,1,27,3.1,0,0
1,1,27,3.8,0,0
0,1,28,3.8,0,0
1,0,24,3.9,650,0
0,0,24,4,750,0
0,1,28,3.8,0,1
1,1,29,3.6,0,0
1,1,27,3,0,0
1,1,27,3.5,0,0
1,1,27,3.9,0,1
1,1,25,3.5,0,1
1,0,25,4,0,0
0,1,27,3.4,0,0
1,1,28,3,0,0
1,1,28,3.3,0,0
1,1,30,2.2,0,1
1,1,26,3.7,0,0
1,1,26,3.5,0,1
1,1,29,2.9,0,0
0,0,28,3.3,700,0
1,1,29,3.5,0,0
0,1,27,3.6,0,0
1,1,27,3.4,0,0
1,0,25,4.2,720,0
1,1,28,2.3,0,0
1,0,24,3.6,0,0
1,0,26,3.3,905,1
1,1,29,2.8,0,0
1,1,27,4.3,0,1
1,1,29,3,0,0
1,0,25,3.6,0,0
1,0,25,3.6,580,0
1,1,29,3.8,820,0
1,1,28,3.4,0,1
0,1,28,4.2,0,0
1,1,29,4.1,0,0
0,1,28,4,665,0
1,0,24,3.5,0,0
0,1,29,3.2,780,0
1,1,28,3.3,895,0
1,0,24,3.2,870,0
1,1,26,3.6,0,0
1,1,30,3,0,0
1,1,29,3.7,0,0
0,0,25,3.6,820,1
0,0,25,3.6,0,0
1,1,27,3,0,0
1,1,28,3.5,0,0
1,1,28,3.5,800,1
0,1,27,4.08,970,0
1,1,25,3.6,750,0
0,1,27,3.9,0,1
1,1,27,3.6,0,0
0,1,28,4,0,0
1,1,28,2.9,0,0
0,1,28,3.6,630,0
1,1,29,4.3,0,0
0,1,28,3,0,0
1,1,28,3.3,890,1
1,1,28,3.4,0,0
0,0,26,3.5,0,0
1,1,29,3.2,500,0
0,0,26,3.9,740,0
0,1,27,3.4,720,0
1,1,28,3.35,600,0
1,0,24,3.4,790,0
1,0,25,3.5,0,1
0,0,24,3.5,0,0
1,1,27,3.7,0,1
1,1,32,3.6,0,0
1,1,27,3.93,0,0
1,1,27,3.8,0,1
1,1,26,3,0,0
1,1,28,4.2,340,0
1,1,26,3,0,0
0,0,25,3.6,600,0
1,1,27,4.1,920,0
1,0,24,3.4,0,0
1,1,31,4.3,645,0
0,1,27,3.8,670,1
1,1,26,2.87,400,0
1,0,25,3.7,0,1
1,1,25,3.7,0,1
0,0,24,3.8,650,0
1,1,28,3.7,0,0
0,1,27,2.9,0,0
1,1,33,3,0,0
1,1,26,4.5,0,0
0,1,27,3.7,0,0
1,1,26,3.8,0,0
1,1,26,2.2,0,0
1,1,29,3.3,0,0
1,1,25,3.7,0,0
1,1,28,3,0,0
0,0,23,3.8,0,1
1,0,25,3.7,0,0
1,1,26,3,0,0
1,0,24,3.5,0,1
0,1,28,3.86,840,0
1,1,28,3.8,0,1
1,0,24,3.97,0,0
1,0,25,3.3,0,1
0,1,28,4,0,1
1,0,24,3.55,0,0
0,0,24,3.8,0,0
1,0,25,3.8,0,0
1,1,28,4,0,1
1,1,28,3.5,0,0
1,1,27,3.2,0,0
0,1,27,3.7,630,0
1,1,28,3.5,0,0
1,0,26,3.7,700,1
0,1,28,3.4,0,0
0,1,26,4.18,785,0
1,1,26,3.2,780,0
0,0,26,3.9,830,0
1,1,27,3.2,0,0
1,0,25,3.8,525,0
1,1,29,3,0,0
0,1,26,3.6,780,0
0,0,25,4,0,0
0,0,29,4.2,0,0
0,1,29,3.23,0,0
0,0,26,4.08,690,0
0,1,30,3.5,0,0
1,0,32,3.93,0,0
0,1,28,4.1,890,0
0,1,29,3.12,830,0
0,0,26,3,780,0
1,1,26,3.93,0,0
1,0,25,3.5,0,0
1,1,27,3.2,0,0
0,0,24,3.3,550,0
0,0,26,3.1,785,1
0,0,24,4,0,0
0,0,25,3.97,845,0
0,1,29,3,840,0
1,1,26,3,0,0
1,0,26,2.5,0,0
0,1,31,4.2,880,0
0,0,26,3.8,860,0
0,0,25,3.5,0,0
1,1,27,3,0,0
1,1,28,2.8,0,0
1,1,26,3.4,0,1
1,1,26,3.3,0,1
1,1,29,2.8,0,0
0,1,28,3.8,730,0
0,1,28,3.6,500,0
1,0,25,3.8,0,1
1,0,25,3.5,580,0
1,0,26,3.5,0,0
1,1,31,4,745,0
0,0,25,4,0,0
1,0,25,3.5,0,1
1,1,28,3.5,0,0
0,1,27,3.8,0,0
0,0,24,4,840,0
0,0,24,4.2,0,0
1,0,26,3.97,900,0
1,0,26,3.5,750,0
0,0,26,3.6,0,0
1,1,26,2.53,0,0
1,0,25,3.7,675,0
0,0,27,3.7,910,0
1,1,27,2.8,0,0
0,1,25,3.5,930,0
0,0,26,3.8,850,0
1,1,27,3.8,700,0
1,1,26,3,0,0
0,0,24,3.4,670,1
0,0,23,4.5,900,0
0,0,23,3.9,0,0
0,1,28,3.02,0,0
1,1,30,3.44,850,0
0,0,24,4.1,0,0
1,1,28,2.6,0,0
1,1,26,3.5,0,0
1,0,24,3.5,700,1
0,1,27,3.8,0,0
0,1,27,3,0,0
1,0,26,3.6,825,0
1,0,24,3.7,0,1
1,0,24,2.8,0,0
1,0,24,3.9,0,0
1,1,29,3,0,0
1,0,27,3.8,890,1
0,0,24,3,0,0
1,0,23,4,0,0
1,1,27,3.55,0,0
0,1,29,3.8,650,0
1,0,24,4.2,0,0
0,0,26,3.9,0,0
0,1,27,4,810,0
1,0,26,4.1,840,0
1,1,27,4,730,1
0,1,26,4.3,490,0
1,0,26,3.9,0,1
1,1,28,2.9,0,0
1,1,27,3.5,0,0
0,0,25,3.4,0,0
0,0,24,4,500,0
1,0,26,3.8,0,0
1,0,24,4.1,700,0
1,1,29,2.5,0,0
0,0,23,3.8,450,0
1,1,26,3.4,720,0
1,1,27,3.9,0,0
1,1,27,4.08,0,0
1,0,25,3.7,870,0
1,1,27,3,0,0
1,0,25,3,0,1
1,0,25,4,780,0
0,0,25,4.4,750,1
1,1,26,4,0,1
1,1,27,3,600,0
1,1,26,3.5,0,0
0,1,27,3.2,0,0
0,0,25,3.9,0,1
1,1,27,3.2,0,1
1,0,25,3.8,0,0
1,1,29,3.6,520,0
0,0,28,3.65,920,0
0,0,25,3.5,0,1
1,0,25,3.8,700,1
1,0,25,3.8,0,1
1,0,25,3.6,635,1
1,0,25,3.7,450,1
0,0,24,4,755,0
1,1,24,4.04,0,0
1,0,24,3.8,0,0
1,0,24,3.8,0,1
0,1,26,3.2,390,0
0,0,24,3.5,0,1
1,0,24,4.2,0,0
1,0,25,4.2,0,1
1,1,27,4.2,0,1
1,0,26,3.4,765,1
1,0,26,3.8,700,0
0,0,26,3.5,800,0
1,1,27,3.4,870,0
1,0,25,3.9,855,0
1,1,28,3.5,615,0
1,0,27,4.1,0,0
0,0,24,3.5,0,1
1,0,26,3.4,0,1
1,0,23,3.7,540,0
1,0,24,3.2,0,0
1,0,26,3.8,500,0
1,0,25,3.7,450,0
1,1,26,4.4,0,0
1,0,24,4.1,0,0
1,0,25,3.7,0,0
1,0,23,3.8,305,0
0,0,24,3.5,0,0
1,0,25,3.2,0,0
1,0,23,3.9,0,0
1,0,25,3.7,0,1
1,0,25,3.2,780,0
0,0,24,3.3,0,0
1,1,28,3.3,0,0
1,0,25,3.7,0,0
1,0,24,3.5,0,1
0,0,24,4.4,0,1
1,0,25,3.5,0,0
1,0,24,3.8,0,0
0,1,29,3.02,0,0
1,1,26,3,0,1
1,0,24,4.5,0,0
1,0,24,2.7,0,0
1,0,24,3.8,0,0
1,0,31,3.5,700,0
1,0,25,3.9,0,1
0,0,24,3,0,1
1,0,24,3.3,0,0
1,0,25,3.5,0,0
1,0,25,3.7,750,1
0,1,27,4.3,0,0
1,0,24,4,720,0
1,1,28,2.5,0,0
0,0,24,3.1,800,0
1,1,27,3.2,0,0
1,1,26,3.2,550,1
1,0,26,3,0,0
0,1,27,3.86,0,0
1,1,27,3.8,0,0
1,0,27,3.5,790,0
1,0,28,3.97,720,0
1,0,26,4,790,1
0,1,29,4,790,0
0,0,24,3.5,0,0
1,0,27,3.6,0,0
1,0,25,4,685,0
0,0,25,3.44,0,0
0,0,25,3,0,1
1,1,28,3.5,540,0
1,1,28,3.2,0,0
0,0,25,4.1,0,0
0,1,28,3.93,790,0
1,1,27,3.8,0,0
1,1,29,3.5,790,1
1,1,30,2.5,600,0
0,0,27,3.6,785,0
1,0,26,3.2,700,0
1,0,29,3.2,0,0
1,0,25,3.6,600,0
0,0,25,3.9,790,0
1,0,25,3.5,0,0
1,0,24,4.27,400,0
1,0,24,4.3,0,0
0,1,27,3.1,780,0
0,0,24,3.5,0,0
0,0,24,4.39,0,0
1,1,27,4.2,670,1
0,0,26,2.6,720,0
1,1,28,3.9,850,0
0,1,29,3.12,925,0
1,0,25,3.5,885,0
0,1,27,2.7,0,0
1,1,28,3.2,350,0
1,1,29,3.2,550,0
0,1,23,3,625,0
1,0,26,3.69,750,1
0,0,27,3.4,0,1
0,1,28,3.02,0,0
1,0,24,4.29,0,0
1,0,26,3.9,0,0
1,0,24,3.5,0,0
0,0,27,3.6,775,0
0,0,26,3.7,615,1
1,1,26,4,825,1
1,1,28,4.2,812,0
1,1,26,2.9,0,0
0,0,24,4,770,0
0,0,24,3.5,0,0
0,1,27,3.3,0,0
1,0,23,4.1,750,0
0,0,24,3.8,0,0
0,0,25,2.8,825,0
0,0,24,3.3,760,0
1,1,25,3.8,0,0
0,0,27,2.76,820,1
1,1,25,3.8,950,0
1,1,27,3.5,0,0
1,0,24,3.5,0,0
1,0,25,3.5,915,0
1,1,27,3.2,750,0
1,0,24,3.7,0,0
1,1,28,3.3,950,0
1,0,29,3.5,0,0
1,1,27,2.48,800,0
1,0,26,3.8,0,0
1,0,28,3.8,0,1
0,0,26,3.57,500,0
1,0,23,4.3,600,1
0,0,29,4.2,0,0
1,1,30,4.1,0,0
1,0,26,3.9,670,0
1,0,24,4,0,0
0,0,24,3.6,0,0
1,0,24,3.2,0,0
1,0,24,3.6,600,0
1,1,31,3.7,0,1
1,0,24,4.08,0,0
0,0,25,3.8,0,0
1,0,24,3.57,0,1
1,0,23,3.93,0,0
1,0,31,3.5,0,1
1,0,24,4,680,0
1,0,28,3.8,0,0
0,0,24,4.27,805,0
0,0,24,4.39,905,0
0,0,29,3.6,830,0
0,0,26,3.9,810,0
1,0,27,3.6,0,0
1,0,23,3.4,0,0
1,0,24,4,0,1
1,0,25,3.5,800,1
1,0,31,3.5,0,0
1,0,33,3.46,955,0
1,0,24,3.76,0,1
0,0,25,4.1,870,1
0,0,27,4,0,0
1,0,26,4,910,1
1,1,27,3.3,0,1
1,0,32,3.9,0,0
1,1,25,3.8,0,0
1,0,26,3,0,1
1,0,24,4,0,0
1,0,25,3,800,0
0,0,27,4.27,880,0
1,1,28,3.9,650,0
1,0,24,4.1,940,0
1,0,24,4.27,450,0
0,0,23,3.5,0,0
1,0,23,3.8,0,0
1,0,24,3.9,0,1
1,1,27,3.55,665,0
1,0,25,3.6,0,0
1,1,26,3.8,830,0
0,0,26,3.5,900,0
0,1,31,3,0,1
0,0,31,3.5,0,0
1,1,27,3.2,0,0
1,0,25,4.3,0,0
1,0,24,4,0,0
1,0,27,3.93,0,0
1,0,26,4,0,0
1,1,29,4.4,0,0
1,0,24,3.9,740,1
1,0,26,3.6,0,1
1,0,24,3.8,0,0
0,1,25,3.1,0,0
0,0,24,3.9,0,0
1,0,24,3.8,0,0
1,1,28,3.1,0,1
1,1,27,4.3,0,1
0,0,24,4.3,850,0
1,0,24,3.3,0,1
1,0,24,3.8,0,0
1,1,28,3.8,0,0
1,0,25,3.5,800,0
1,1,26,3.3,0,0
0,1,28,3.7,0,1
1,0,25,3,0,0
1,0,27,3.6,700,1
1,1,28,3.5,0,0
1,0,24,3.7,0,0
1,0,25,3.8,870,0
0,1,24,2.5,0,0
1,0,23,4,0,0
1,0,23,3.3,0,0
1,1,29,3.93,0,1
1,0,26,4,885,0
1,0,23,3.93,0,0
0,0,25,4.2,0,0
1,0,24,3.5,0,0
1,0,25,3.2,0,0
1,0,26,3.6,0,0
1,0,24,3.86,805,0
0,1,27,3.8,0,0
0,0,26,3.4,830,0
1,0,25,4,500,1
0,0,25,3.7,0,0
1,0,24,3.9,0,0
1,0,25,3.7,0,0
1,0,26,3,0,1
1,0,25,3.8,0,0
1,0,25,3.9,900,0
0,1,28,3.4,0,0
1,0,27,3.35,0,0
1,0,25,3.7,690,0
0,1,27,3.3,0,0
1,0,26,3.7,0,0
0,0,27,3.5,0,0
1,0,25,3.93,575,0
1,1,27,4.1,0,0
0,0,25,3.4,0,0
1,0,26,4,0,0
1,0,25,3.35,800,0
1,0,23,3.5,0,0
1,0,25,4,0,0
1,0,27,3,0,1
1,0,25,4,650,1
1,0,24,4.15,0,0
0,0,25,4,0,0
1,0,27,4.3,0,1
1,0,26,3,0,0
1,1,28,4.2,0,1
0,1,27,3.23,690,0
1,0,25,4.27,550,1
1,0,26,4.1,680,1
0,1,27,3.9,0,1
1,0,23,4.2,0,0
1,0,24,3.7,0,1
1,1,26,3.35,0,0
1,0,25,3.3,0,0
0,0,24,2.8,0,1
1,0,24,3.8,0,1
1,0,25,3.4,800,0
1,0,23,3.7,0,0
1,1,26,3.8,0,1
1,0,24,3.6,0,1
1,0,25,3.6,500,0
1,0,26,3.9,650,0
0,1,28,3,0,0
1,0,28,3.6,0,0
1,0,23,3.35,0,1
0,0,23,3.5,0,0
1,1,27,3.8,0,0
1,0,24,4.15,0,0
1,0,31,3,900,0
1,0,27,3.7,780,0
1,1,27,3.5,0,0
0,1,32,2.8,0,0
0,0,24,3.5,0,0
1,1,29,4,0,1
0,1,27,3.57,0,0
1,0,24,3.57,0,1
1,1,27,3.5,0,0
1,1,27,4,0,0
1,0,26,3.1,0,1
0,0,25,3.2,0,0
1,0,25,3.57,0,0
1,1,28,2.9,0,1
1,1,27,3.5,0,0
1,0,25,3.1,0,0
0,0,23,3.8,650,0
1,0,24,3.5,0,0
0,0,24,3.5,590,0
1,0,29,4.3,0,0
1,0,25,3.7,960,1
1,0,25,4.1,0,1
0,1,28,3.4,700,0
1,0,24,3.9,0,1
1,1,28,3.9,0,1
1,0,25,4,0,1
1,0,25,3.1,0,0
1,0,24,4.5,0,1
1,0,24,4,0,1
1,0,25,3.8,0,1
1,0,23,3.93,0,0
0,0,26,4,0,0
1,0,24,3.8,0,0
0,0,26,3.4,0,0
0,0,37,2.5,0,0
1,0,24,3.8,0,1
0,1,28,4.27,0,0
0,0,24,3.6,0,1
1,1,27,3,0,0
1,1,28,4.04,0,0
1,0,24,3.4,0,1
1,1,27,4,450,0
1,1,28,3.5,0,0
1,1,27,3,0,0
1,0,25,3.93,0,1
0,0,26,3.5,860,0
1,1,24,3.1,0,0
1,1,27,4,0,0
1,1,27,3.5,0,0
1,1,25,4.5,400,0
1,1,27,3.93,0,0
0,1,29,2,0,0
1,1,27,3.5,0,1
1,0,24,4,700,0
1,1,30,3.1,0,0
1,1,27,4.2,850,1
1,1,27,3.2,0,0
0,0,24,3.7,600,0
1,1,27,3.8,0,0
0,0,26,3.35,0,0
1,0,24,4.1,0,0
1,0,24,3.5,0,1
1,0,22,3.93,0,0
1,1,26,3.8,0,0
0,1,24,3.93,0,0
1,0,24,4.2,0,1
0,1,26,3.2,0,0
1,1,26,3.86,280,0
0,1,26,4.2,0,0
0,0,25,3.5,0,0
1,0,24,3.7,0,0
1,0,24,4.2,0,0
0,0,27,4.3,850,0
1,0,27,3.2,815,0
0,0,25,4.27,0,0
0,0,25,3.1,0,0
1,0,24,3.97,920,0
0,0,24,3.7,635,0
1,0,25,3.5,500,0
1,0,25,3.6,0,1
1,0,28,3.2,0,0
1,0,26,3.9,0,0
1,0,24,3.8,0,0
0,1,27,4,0,0
1,0,26,3.5,0,1
1,0,24,3.8,815,0
0,1,27,3.8,0,0
0,0,23,3.4,730,1
1,1,27,3.5,0,0
1,0,24,3.9,0,0
0,0,26,3.8,0,0
1,1,28,3.8,0,1
1,0,25,3.3,0,0
1,0,25,3.5,820,1
1,0,25,3,0,0
0,1,28,3.5,0,0
0,1,33,3,0,1
1,1,28,3.9,0,1
0,0,24,4.04,0,0
0,1,27,3.5,0,0
1,1,27,3.4,0,1
0,0,25,4.1,0,0
1,0,25,3.9,0,1
1,0,24,4,0,0
1,0,23,3.93,0,0
1,0,25,3.9,780,0
0,0,25,3.97,0,0
1,0,25,3.8,600,0
1,0,24,4.1,450,0
0,0,24,3.5,0,0
1,0,27,3.02,0,0
1,0,25,4,0,0
1,0,25,3.7,0,0
1,1,27,3.6,0,0
1,0,24,3.8,0,1
1,0,24,4,0,1
1,1,32,3.8,0,0
0,0,25,4.2,800,1
1,1,32,4,0,0
1,0,27,3.23,0,0
0,0,26,3.4,0,0
0,0,24,3.8,0,0
1,0,24,4.2,0,1
0,1,28,3.2,0,0
0,0,24,3.1,0,0
1,0,23,3.9,0,0
1,0,23,3.8,0,0
1,0,25,4,0,1
0,0,25,3.35,0,0
0,0,24,3.5,0,0
1,0,22,3.8,0,0
1,0,22,3.5,0,0
1,0,22,3.5,0,0
1,1,21,4.3,0,0
1,0,22,3,600,0
1,0,22,4.1,0,1
1,0,22,3.93,0,0
0,0,22,4.2,700,1
1,0,22,4.27,0,0
0,0,22,3.5,0,1
1,0,25,4.5,0,1
1,1,24,3.8,0,1
0,1,25,3.9,0,0
0,1,24,3.7,600,1
0,1,25,4.04,760,1
1,1,24,3.5,0,1
0,0,30,3.9,0,0
1,1,23,3.9,0,0
1,0,22,3.69,0,1
1,0,22,3,0,0
1,1,25,4,0,1
1,0,22,4.3,0,0
1,0,24,4.29,0,0
1,1,25,3.9,0,0
0,0,23,3,0,1
1,1,24,3.2,0,0
0,0,27,4.3,0,0
1,0,22,3.7,500,0
0,0,22,3.5,0,0
1,0,28,4.1,0,1
0,0,34,3.9,0,0
1,1,24,3.9,0,0
1,0,25,3.9,0,0
1,0,23,4.5,650,1
0,0,22,3.5,0,0
1,0,29,3.5,0,0
0,0,21,3.5,635,0
1,0,22,3.8,0,1
1,0,22,4,0,1
0,0,22,3.8,0,0
1,1,24,3.2,0,0
1,0,34,4.3,0,0
1,1,29,3.8,0,0
0,0,39,4.15,0,0
1,0,32,3,0,0
1,1,25,4,0,0
1,0,22,4.1,0,1
0,1,25,4,0,0
1,1,37,3.3,0,0
0,0,22,3.7,0,1
1,1,22,3.2,0,1
0,0,37,4.2,0,0
0,1,26,4.1,0,0
1,0,22,4.1,0,0
1,0,22,4.1,0,0
0,0,24,4,0,0
1,0,22,3.6,0,1
1,0,31,4,0,0
1,0,23,4.29,0,0
1,1,27,3.93,0,1
1,1,24,3.6,0,0
1,1,25,3.8,0,0
1,0,23,3.8,0,1
1,0,23,3.4,0,0
1,0,23,3.5,0,0
1,0,23,3.8,0,0
1,0,23,4.3,0,1
0,0,33,4.2,0,0
1,1,25,4.3,0,0
1,1,27,3.1,0,0
1,0,23,2.5,0,0
1,1,34,3.93,0,0
1,1,21,4.5,0,1
1,1,26,3.8,0,0
1,1,23,3.6,0,0
1,1,26,3.2,0,0
0,1,25,4,0,0
1,1,24,2.8,0,0
0,1,25,3.57,0,0
0,1,22,3.2,0,0
1,1,26,3.35,0,1
1,1,25,3.44,0,0
1,1,25,3.35,0,0
1,1,25,3.9,0,0
1,1,26,2.5,0,0
1,1,26,3,0,0
1,1,24,2.8,0,0
1,1,25,4.3,400,0
1,1,25,3.93,0,0
1,1,24,3.6,0,1
0,1,27,3.7,0,0
0,1,25,3.2,0,0
1,1,25,3.2,0,0
1,1,26,3.3,0,1
1,1,25,3.9,0,1
1,1,32,4.1,0,0
0,1,25,3.1,0,1
0,1,26,3.8,0,0
1,1,26,3,0,0
1,1,25,4,0,0
1,1,25,3.6,0,0
1,1,25,3.6,0,0
1,1,27,3.5,0,1
1,1,28,3.5,0,1
1,1,38,4.5,0,0
1,1,30,4,0,0
0,0,23,3.35,0,0
1,1,24,3,0,0
1,1,23,3.5,0,1
1,1,25,3.3,0,0
1,1,25,3.65,0,0
0,1,22,4.5,0,0
1,1,25,4.04,0,0
1,1,25,4,0,1
0,1,27,3.8,640,1
0,1,25,3.8,0,1
1,1,25,3.3,0,0
1,1,26,3.46,0,1
0,1,27,4.27,0,0
1,1,26,4.2,0,0
0,1,24,3.86,0,0
1,1,25,4.3,500,1
1,1,26,4.4,0,1
0,0,30,4.3,0,1
1,1,25,3.1,0,0
1,1,25,3.8,0,0
0,1,25,3.9,0,0
1,0,22,3.23,0,1
0,1,22,4,0,0
1,1,26,4.2,0,0
1,1,26,3.6,0,1
0,0,22,4.3,0,0
1,0,22,3.2,0,0
0,0,22,3.8,0,0
0,0,25,3.9,0,0
1,0,23,4,500,0
1,0,22,3,0,0
1,0,22,3.5,0,0
1,1,24,3,0,0
0,0,22,3.2,0,0
1,0,22,2.9,400,0
1,1,27,3.3,0,1
1,1,26,4,0,0
1,1,23,3.6,0,1
1,1,22,3.7,0,1
0,1,27,4.1,0,1
0,0,23,4.2,730,1
1,0,23,3.2,0,1
0,0,23,3.55,0,0
1,1,25,3,0,0
0,1,25,3,0,0
0,1,24,3.4,0,0
1,1,24,3.2,0,0
1,0,24,3,0,1
0,0,22,3.9,0,0
0,0,22,4,0,0
1,1,24,3.5,0,0
1,0,23,3.5,500,0
1,0,22,3.69,325,1
1,0,23,2.7,0,0
1,0,23,3.7,0,1
1,0,22,3.7,0,0
1,0,25,4.1,560,0
0,0,22,3.5,0,0
1,1,26,3.7,0,0
0,1,25,3.23,0,0
1,1,28,3.2,0,0
1,0,23,4,0,0
1,0,28,3.8,0,0
1,0,22,2.5,495,0
1,1,29,4,0,1
1,1,26,3.7,260,0
0,0,25,3,0,0
1,0,23,3,0,0
0,1,23,4.18,0,0
0,0,23,3.93,0,1
1,1,26,3.8,0,0
0,0,31,3.44,0,0
1,0,22,4.3,0,0
1,1,23,3.5,0,0
0,1,29,3.2,0,0
1,0,24,3.1,0,1
1,0,22,4,0,0
1,0,27,3.8,0,0
1,0,24,3.8,0,1
0,1,23,3.7,0,0
0,0,22,2,0,0
0,0,22,4.5,0,1
0,0,22,3.5,0,1
1,0,22,4.3,0,0
1,0,23,3.1,0,1
1,0,22,3.8,0,0
0,0,24,4.4,0,0
0,0,23,3.6,500,1
0,0,24,4,0,0
1,0,22,4.3,0,0
1,1,26,4.3,0,0
0,1,25,3.9,0,0
1,0,22,3.5,0,0
1,0,22,4.3,0,1
0,0,22,4.4,0,1
1,0,22,3.5,0,1
1,0,23,4,0,0
0,1,25,3.7,0,0
1,0,21,4.2,0,0
0,0,23,3,0,0
1,1,26,3,0,0
0,1,27,3.93,0,0
1,0,27,3.1,0,0
1,0,22,3.5,0,0
1,0,21,3.8,0,0
1,0,23,4.04,0,1
0,1,24,4.27,0,0
1,0,22,4.39,0,1
1,0,21,3.5,0,0
1,0,22,4.2,0,1
1,0,22,4.1,0,1
1,0,22,3.7,0,1
0,1,24,4.39,0,0
1,1,24,4.3,0,0
1,0,22,3.93,0,0
0,1,26,3.8,0,0
0,0,25,3.9,0,0
1,0,23,4.4,0,0
0,0,22,4.5,0,0
1,0,25,3.5,0,0
0,0,24,3.7,0,0
1,1,24,2.7,0,1
0,0,27,3.9,0,1
0,0,24,3.8,0,1
0,0,24,3.2,0,0
1,1,24,3.1,850,0
1,0,26,3.9,0,0
0,0,23,4.3,0,1
1,0,25,4.27,0,0
0,0,25,4,0,0
1,0,26,3.5,0,0
1,1,29,4,0,0
0,1,27,3,750,0
1,0,25,3.2,700,1
1,1,27,3.7,790,0
0,1,28,3.6,745,0
0,0,26,4,0,0
1,1,27,4.1,860,0
0,0,26,3.6,0,0
0,0,24,3.2,0,0
0,0,26,3.6,0,0
0,1,28,4.4,0,0
1,0,25,3.8,0,1
1,0,25,4.3,0,0
0,0,27,3.7,800,1
1,1,28,3.4,0,0
1,1,27,3.8,0,0
1,1,29,3.5,0,0
0,0,25,4.4,0,1
1,0,26,3.8,0,1
1,1,29,3,870,1
1,0,25,3.9,850,1
1,0,26,3.7,540,1
1,1,33,3.93,0,0
0,0,25,3.7,600,0
1,1,28,3.8,900,0
1,0,26,3.6,800,0
1,1,28,3.5,750,1
1,1,29,3.3,880,0
1,0,32,3.4,780,0
1,1,30,4,945,0
0,0,25,3.8,700,0
1,1,28,3.5,0,0
0,0,27,3.8,900,0
1,0,26,3.9,850,0
1,0,25,3.6,910,1
1,1,28,3.6,750,0
1,0,26,3.9,0,0
0,1,28,3.7,0,0
1,0,27,4,380,0
0,0,26,4.3,0,0
0,0,24,3.8,835,0
1,0,25,3.5,0,1
0,0,25,4.1,850,0
1,1,31,3.76,0,0
1,0,26,3.8,0,0
0,0,26,4,900,1
0,0,27,3.6,845,0
0,0,32,4.39,0,1
1,1,27,4.08,0,0
0,0,24,4.3,760,0
1,0,24,3.8,0,0
0,1,27,3.6,880,0
1,0,25,4,905,0
0,0,27,3,600,0
1,0,26,3.7,0,0
0,0,26,4,915,0
0,0,25,3.5,770,0
0,1,28,3.5,350,0
0,0,26,2.6,0,1
1,0,24,4,0,0
1,1,26,3.7,0,1
1,0,23,3.7,0,0
1,1,27,3.8,0,0
1,0,31,3.5,0,0
1,0,24,3.9,0,0
0,0,24,3.7,635,0
1,1,28,3.76,770,0
1,0,24,4.08,868,0
0,1,23,4.5,0,0
0,1,27,3.4,0,0
0,1,28,3.9,725,0
1,0,24,4.1,0,0
1,1,27,3.4,0,0
0,1,27,3.4,0,0
1,1,28,3.76,0,0
1,1,27,4,0,0
0,1,27,3,0,0
0,1,28,3.8,425,0
0,1,27,3.5,0,0
1,0,29,3.35,0,0
0,1,27,3.4,475,0
0,1,30,3.9,620,0
0,0,24,3.5,0,0
1,0,25,3.6,750,0
0,1,28,4.5,0,0
1,0,23,3.2,0,0
1,0,25,3.3,500,0
1,0,25,3.2,840,1
1,0,25,4.1,0,0
1,1,26,3.6,0,0
0,1,27,3.7,630,0
0,1,28,3.7,0,0
1,0,23,4.3,0,0
1,0,25,3.5,0,1
1,0,26,3.7,810,0
1,1,28,3.5,0,0
1,1,27,3.3,0,1
1,0,24,3.8,0,1
1,1,30,3.2,930,0
1,1,30,3.1,795,1
1,1,29,3.7,850,1
1,0,25,3.2,0,0
0,0,26,3.9,850,1
0,0,25,3.8,910,1
1,0,28,4.2,0,1
1,1,28,3.97,0,1
1,1,26,3.9,0,0
1,0,26,3.8,830,0
1,0,24,3.5,0,1
1,1,28,3.8,0,0
0,1,28,3.5,0,0
0,0,24,3.7,0,1
1,0,27,3,0,0
0,1,28,4.2,0,1
1,0,25,3.1,0,0
1,0,25,3.7,0,1
1,1,24,3.5,710,0
1,1,31,4,910,0
0,1,28,3.5,0,0
1,1,27,3.8,0,0
1,0,26,3.8,0,0
0,1,27,3.5,0,0
0,1,29,3.7,800,0
1,0,25,3.5,0,0
1,1,28,3.7,815,0
1,0,26,4.1,830,0
1,0,25,4,0,0
1,1,28,3,800,0
1,1,31,3.1,865,1
1,1,29,4,895,0
1,1,27,3.3,0,0
1,1,29,3.6,850,0
0,1,28,3.1,0,0
0,1,27,4,850,0
1,1,27,3.4,885,1
1,0,25,3.9,0,0
0,0,25,3.9,795,0
1,0,23,3.93,0,0
1,1,26,3.5,0,0
1,0,27,3.7,0,1
1,0,24,3.86,0,0
0,1,27,3.6,0,0
1,0,25,3.9,0,0
1,0,24,3.5,0,1
0,1,29,3.5,0,0
0,0,31,3.8,750,0
0,0,26,3.7,650,0
0,1,29,3.9,0,0
1,1,28,3.7,0,0
1,1,28,3.3,560,1
0,1,28,3.6,700,0
1,1,28,2.9,0,0
1,1,29,3.6,0,0
0,1,27,4.04,0,0
1,1,28,3.2,0,0
1,0,25,3.12,0,0
1,1,27,3.8,730,0
1,0,25,3.9,895,0
1,1,26,4.1,955,0
1,0,25,4,0,0
1,1,26,3.9,0,0
1,1,27,3.8,0,1
0,1,29,3.4,850,1
0,0,24,3.5,0,0
1,1,27,3.3,0,1
0,1,27,4.04,0,0
1,1,28,2.9,0,0
1,0,24,3.5,480,0
0,1,27,4.1,0,0
0,1,28,4.39,750,0
1,1,27,3.93,0,1
1,0,26,3,0,0
1,1,29,3.2,0,0
0,0,25,3,0,0
0,0,25,3.8,0,0
1,0,24,3.5,0,0
0,1,32,3.6,700,0
0,0,24,4,740,0
0,1,28,4,560,0
0,0,24,4,0,1
0,0,24,4,0,0
1,0,25,3.5,0,1
1,1,27,4,0,0
0,1,28,3,0,0
1,1,28,4,0,0
0,0,23,3.2,0,0
0,0,24,3.6,830,1
1,0,24,4,675,0
1,0,23,3.9,620,0
0,0,25,3.4,0,0
1,1,28,3.6,750,0
0,0,23,3.6,0,0
1,0,24,3.5,400,1
1,1,25,4.2,0,1
0,0,24,4.2,0,0
1,0,24,3.6,0,0
1,1,30,3.6,0,1
1,0,25,3.5,0,1
1,1,27,3,0,1
1,0,24,3.93,0,0
1,0,24,3.8,0,1
1,0,24,4.27,0,1
1,1,28,3.5,0,0
0,0,23,3.6,0,0
0,1,24,2.3,0,1
0,0,24,4.2,0,0
0,0,26,3.7,750,0
1,0,23,3.7,990,1
1,1,28,4,530,1
1,1,27,3.5,780,0
1,0,26,3.7,0,0
1,0,25,3.6,950,0
1,0,26,3.3,950,0
0,1,28,3.5,0,0
1,0,24,3.6,750,0
1,1,29,4,805,0
1,1,26,3.3,0,0
1,0,25,4,550,0
0,0,27,3,640,1
0,1,29,3.6,0,0
1,1,28,4.2,895,1
1,0,24,3,0,0
1,0,28,3.7,670,0
0,1,27,3.4,890,0
1,0,26,3.8,850,0
0,0,25,3.2,0,0
0,1,27,3.8,720,0
1,0,25,3.9,800,0
0,1,25,3.7,0,0
1,1,28,3.5,0,0
0,1,29,3.3,0,0
0,0,27,3.5,715,0
1,1,29,3.55,0,1
0,1,29,3.8,0,0
0,0,27,3.7,0,1
1,1,27,3.6,0,0
0,0,24,3,0,0
1,1,29,3.65,755,0
1,1,29,3,0,0
1,0,25,3.5,0,0
0,0,25,3.5,0,1
1,1,28,4,0,0
0,0,25,4.2,745,0
1,0,25,3.5,850,0
0,1,29,3.2,0,0
1,1,28,3.3,0,0
1,1,25,3.5,0,0
0,1,29,4,705,1
1,0,25,4.1,860,0
0,1,30,3.3,780,0
1,0,26,3.6,0,0
1,0,26,4.29,0,0
0,0,26,3,600,0
1,0,25,4.2,0,1
1,0,25,3.8,0,0
1,0,26,3.7,0,1
1,0,23,3.8,0,1
1,0,23,4.2,0,1
0,0,24,4,0,0
1,1,25,3.6,0,1
1,1,26,3.7,0,0
1,0,25,3.7,0,0
1,0,23,3.55,0,0
0,1,26,3,0,0
0,1,27,3.1,0,0
1,1,27,3.2,0,0
1,0,26,4,0,0
1,1,26,4.1,940,0
1,0,35,3,980,0
1,1,27,3.86,0,0
0,0,24,4.2,930,0
0,1,26,3.8,0,0
0,1,26,4.1,630,0
1,0,25,3.4,0,0
0,0,25,3.9,0,1
0,0,25,3.8,850,0
1,0,25,3.86,850,0
1,1,26,3.9,540,0
1,0,26,4.2,740,0
0,0,24,3,0,0
0,0,24,3.9,0,0
0,1,26,3.3,0,0
1,1,27,3.9,0,0
0,1,27,4.1,0,0
0,1,27,3.65,0,0
0,0,24,3.34,0,0
0,1,27,3.2,0,0
1,0,25,3.8,0,1
1,1,31,3.8,0,0
0,1,28,3.7,0,1
1,0,23,3.7,0,1
1,0,25,4.2,500,0
1,0,26,4.18,0,0
1,1,27,3.8,785,1
1,0,25,3.55,0,1
0,1,30,3.1,780,0
0,1,27,3,0,0
1,0,25,4.2,0,0
0,1,29,3.2,450,0
0,1,29,3.3,0,0
1,1,29,3.6,730,0
1,0,25,3.9,0,0
1,0,24,3.9,0,0
1,0,27,3.5,850,1
1,1,29,4.1,0,0
0,1,27,3.2,0,0
1,0,26,3.9,875,1
1,1,28,3.4,0,1
1,1,27,3.5,0,0
0,0,26,3.1,0,0
1,1,26,3.5,0,1
1,1,31,2.8,0,0
0,0,24,4.3,0,1
1,1,26,3.8,500,1
0,1,28,3.1,550,0
1,1,27,3.4,930,0
0,1,27,3.3,680,0
1,1,31,3.1,0,0
1,1,27,3,0,1
1,1,30,3.2,0,0
0,1,27,3.8,750,0
1,1,26,3.5,0,1
0,0,25,4.08,0,0
0,1,26,3.3,0,0
1,1,30,3.8,730,0
1,1,30,3.4,605,1
0,1,32,3.55,820,0
1,1,31,2.38,0,1
1,1,30,3.97,0,0
1,1,29,3.2,500,0
1,1,27,3.4,500,0
1,1,28,3.8,0,0
1,1,27,3.6,685,0
1,1,27,3.7,0,1
1,1,28,3.7,820,0
1,1,29,3,600,0
0,0,24,4.3,0,0
1,1,27,4.39,0,1
1,1,25,3.5,0,0
1,1,26,4.3,0,0
1,0,24,3.9,550,0
0,1,25,2.7,0,0
1,1,27,3.35,0,0
1,0,25,4,0,0
0,1,28,3.7,0,0
0,1,25,4.2,835,0
0,1,27,3.7,0,0
1,0,26,3.6,0,1
1,1,27,3.5,0,0
1,1,30,3.9,815,0
1,1,28,3.1,500,1
1,1,28,3.5,900,0
0,0,25,3.8,715,0
1,1,28,4,0,0
1,1,27,3.2,720,1
0,1,30,3.8,875,0
0,1,28,2.8,525,1
1,1,33,2.3,0,0
0,0,24,3,0,0
1,1,30,3.3,0,0
1,1,30,3.2,550,1
1,1,27,3.2,815,0
1,1,27,3.9,0,1
1,1,28,3.9,855,0
1,1,31,4.3,0,0
1,1,24,3.7,0,0
1,1,26,4.27,0,0
1,1,31,3.3,0,0
1,1,27,4.3,0,0
1,1,26,4.27,765,0
1,1,26,3.7,0,0
1,1,27,3.3,715,0
0,0,25,4,680,0
0,1,26,3.2,0,0
0,0,24,4.3,0,0
0,0,25,3.6,860,1
1,1,28,3.3,730,0
1,1,28,3.3,0,0
1,0,24,3.5,720,0
1,1,31,2.7,0,0
1,0,27,4.08,0,0
1,0,24,4.3,0,0
0,1,27,3,0,0
0,1,26,4.4,0,0
1,1,28,4.3,0,0
1,0,24,4,0,0
0,1,28,3,400,1
1,1,27,2.7,0,0
1,1,24,3.2,0,0
1,0,26,3.6,655,0
1,0,24,3.9,0,1
1,0,24,3.5,840,1
0,1,27,3.2,0,0
1,1,29,3.5,895,1
0,0,25,4.3,820,0
1,1,26,3.5,520,0
0,1,29,3.3,820,0
0,1,29,3.9,720,1
0,1,28,3.12,0,1
1,0,25,3,0,0
1,0,26,3.6,0,1
1,0,24,4.18,400,0
1,1,27,3.65,0,0
1,1,28,3,0,0
1,0,27,3.5,0,0
1,0,27,3,0,0
0,0,25,3.57,0,0
1,0,24,3.4,0,0
0,0,24,3,700,0
0,0,23,4.2,860,0
0,0,24,3.3,0,0
0,1,27,3.12,550,0
1,0,24,3.5,0,0
1,1,27,3,0,1
1,1,27,3.5,0,1
1,0,24,3.8,0,0
0,0,25,4.04,475,1
1,0,24,3.2,505,0
1,0,24,3.4,0,0
1,1,27,3.9,0,0
0,0,26,3.9,820,0
1,0,24,3.5,790,0
1,1,34,4.4,0,0
1,1,29,2.2,0,0
0,0,24,4.3,0,0
1,1,27,2.4,0,0
1,1,27,3.3,0,0
0,1,29,3.9,0,0
1,0,23,4.3,780,1
0,1,28,3.6,730,0
1,0,26,3.97,900,0
0,1,27,3,0,0
1,0,27,4.18,0,0
1,0,25,4,585,0
1,0,26,4,0,1
1,0,30,3.8,0,0
1,1,26,3.5,0,0
1,0,23,3.9,0,0
1,1,29,3.8,0,1
1,1,27,3.7,0,0
0,1,29,3.2,0,0
0,1,26,3.93,0,1
1,0,24,3.9,0,1
1,0,23,4.2,0,0
1,0,25,4.5,600,1
0,0,25,4,0,0
1,0,27,3,0,0
1,0,29,3.7,0,0
1,0,27,4.1,830,0
0,0,25,2.9,0,0
0,0,26,4.2,805,1
0,0,25,4,0,0
1,0,27,3.4,0,1
1,0,24,3.57,500,0
1,1,30,3.7,0,0
1,1,30,3.55,0,0
0,0,26,3.7,0,0
1,0,26,4,0,1
0,1,31,3.4,930,0
0,1,27,4,0,0
1,1,28,4.2,740,0
1,1,30,3.12,0,0
1,1,27,3.7,765,1
1,0,26,3.3,905,0
1,1,31,4,0,1
1,0,27,3.6,760,0
1,0,25,4.4,990,1
1,0,25,3.2,935,0
1,0,27,4.2,0,0
0,1,28,3.6,920,0
1,0,24,4.3,900,0
1,0,24,3.7,745,0
0,1,27,3.9,800,0
1,0,23,3.5,0,1
1,0,24,3.5,0,0
1,0,24,3,600,0
1,0,24,3.7,0,1
1,0,26,4,0,0
1,0,23,3.9,0,0
1,1,26,3.6,530,0
0,1,27,3.8,0,0
1,0,24,3.8,0,1
0,1,26,3.8,820,0
0,1,28,3.7,0,1
1,0,26,4,0,0
1,0,25,3.7,0,0
1,0,24,4.39,0,1
1,1,28,4,0,0
1,0,25,4,860,0
1,0,25,3.7,865,0
1,0,24,3.8,645,0
1,0,25,4.5,0,0
1,1,28,4.1,0,0
1,0,26,3.8,0,0
1,0,25,3.3,800,1
1,0,25,3.8,0,0
1,0,24,4.1,0,1
1,0,25,3.6,0,0
1,1,30,3.8,0,0
1,0,24,3.8,600,0
1,0,25,3.8,0,1
0,1,27,3.8,0,0
1,0,26,3.8,0,0
1,0,28,3.7,750,0
0,0,25,3.7,400,0
1,1,27,3.7,0,0
1,1,27,3.5,0,0
1,0,25,3.5,715,0
1,0,24,3.7,680,0
0,1,27,3.9,0,0
0,0,26,3.9,0,1
1,0,24,3.9,0,0
1,0,34,3.5,0,1
1,1,27,3.9,0,1
0,0,24,3.9,0,1
1,1,27,3.3,0,0
0,1,27,4,0,1
1,1,27,4,0,0
0,0,28,3.9,0,1
1,1,29,4,0,1
1,1,27,3.7,0,0
1,1,26,4.4,0,1
1,1,25,3,0,0
1,1,25,3.8,0,0
1,1,27,3.8,0,0
0,0,24,3.5,0,0
1,0,30,3.69,0,0
1,0,24,3.6,600,0
1,0,26,3.7,0,0
1,0,25,3.9,0,1
1,1,27,4,0,0
1,1,26,3.3,0,1
1,1,25,3.6,0,0
1,0,24,3.93,0,0
1,0,24,3.93,0,0
0,0,26,3.5,0,0
1,1,25,3.7,350,0
1,0,25,4.08,0,0
0,0,24,3.6,750,0
1,0,26,3.12,0,0
0,1,28,4.2,0,0
1,1,35,4,0,0
1,1,24,3.8,0,0
1,0,23,4.5,0,0
1,0,22,4.4,855,0
0,0,22,4.1,0,0
1,0,22,4,600,1
0,1,26,2,0,1
1,0,24,3.9,700,0
1,0,25,3.6,0,0
1,1,23,3.2,0,1
1,1,26,4.3,760,1
1,0,22,3.7,0,1
1,0,22,2.8,0,1
1,0,22,3.35,0,0
1,0,29,4.2,0,0
1,0,23,4,0,0
1,0,23,4.2,0,0
1,0,21,4.1,0,0
1,0,22,3.5,0,0
1,1,25,4.4,0,1
1,1,26,3.23,0,0
1,0,22,4,0,1
1,0,22,4.2,850,0
0,1,26,3,0,0
1,0,22,4.3,0,0
0,1,24,3.8,0,1
1,0,22,3.8,0,0
1,1,26,3.4,0,0
1,0,39,4,0,0
1,0,22,3.7,600,0
1,1,26,3.7,0,0
1,0,22,3.7,0,0
0,1,25,3.2,0,1
0,0,22,2.8,0,0
1,0,31,3.8,0,1
1,1,25,2.8,670,0
0,0,31,3.65,0,0
0,1,26,4.3,0,1
0,1,25,3.5,0,0
0,0,31,2.9,0,0
1,0,22,3.93,0,0
1,0,22,3.8,0,0
1,0,22,3.35,0,0
1,0,21,4,0,0
1,0,23,3.5,0,0
1,1,24,3,0,1
1,0,21,4.1,0,0
1,0,32,3.9,0,0
1,1,25,4.3,0,0
1,1,25,3.5,0,0
1,1,25,3.9,0,1
0,0,32,4.4,0,0
1,1,28,3.6,0,0
0,0,37,4.2,0,1
0,0,37,3,0,0
0,1,25,3.35,0,0
0,1,25,3.1,0,0
0,1,25,3,0,0
0,0,23,3,0,0
1,0,22,3.8,0,0
1,0,21,3.57,500,1
0,0,26,3.6,0,0
1,0,23,4.3,0,0
1,0,24,4.2,0,1
0,0,26,3.7,0,0
1,0,22,3.8,0,1
0,1,27,3.35,650,0
0,0,25,3.1,0,0
1,1,24,3.8,0,0
1,0,23,3.35,0,0
1,0,21,4,0,0
1,1,25,3.7,0,1
1,1,26,3.46,0,0
1,1,22,3.2,0,0
1,1,25,3.9,0,0
1,0,22,3.5,0,1
1,0,23,4.1,0,0
1,0,24,4,0,0
1,0,23,3.35,0,0
1,0,21,3.5,0,0
0,0,24,3.8,0,1
1,1,25,3.7,0,0
1,1,25,3.35,0,0
1,1,25,3.8,0,0
0,1,26,3,0,0
0,1,26,3.8,0,0
1,1,26,4.3,0,0
0,0,22,3.6,0,0
1,1,27,3.8,0,0
1,1,28,3.35,0,0
1,1,24,3.8,0,0
0,0,22,3.1,0,0
1,1,27,3.6,0,0
1,1,25,4.3,0,1
1,1,26,2,0,0
1,1,25,3.9,300,0
1,1,24,4.15,0,0
0,1,22,3.3,0,0
1,1,28,3,0,0
0,1,25,3.5,0,0
1,1,26,3.8,0,0
1,1,25,4.3,0,0
1,1,25,3.6,0,0
1,1,25,3.8,0,0
0,1,25,3.35,720,1
0,1,23,4.2,450,0
1,1,26,3.1,0,0
1,1,26,3.4,0,1
1,1,24,3.1,0,0
0,1,25,3.6,0,0
1,1,24,3.5,0,0
1,1,26,3.3,0,1
1,1,25,3.8,0,0
1,1,25,3.1,0,0
1,1,26,3.8,0,0
1,1,26,4,0,0
1,0,25,3.8,0,0
1,1,27,3.8,0,0
1,1,24,4.39,0,0
1,1,25,3,0,0
1,1,25,3,0,1
1,1,25,4,0,0
0,1,25,4,0,0
0,1,25,3.7,0,0
1,1,24,3.4,0,0
0,0,22,3.2,0,0
1,1,27,3.1,0,0
1,1,24,4.29,270,1
1,1,26,4.27,0,0
1,1,26,3.4,0,0
1,0,22,4,0,0
0,0,21,3,0,0
1,0,22,4.2,0,0
1,1,23,3.8,0,0
0,0,22,3.5,0,0
0,0,25,3.5,0,0
0,0,22,3.5,0,0
1,1,24,4,0,1
1,1,25,3.8,850,1
0,0,23,3.8,0,0
1,0,22,3.5,0,0
0,0,22,3.5,500,0
0,0,21,4,0,0
1,0,23,3.7,0,0
1,0,21,3.5,0,0
1,0,26,3.65,0,1
1,1,26,2.9,0,0
1,0,22,3.5,0,0
1,0,22,3.9,0,0
0,1,25,3.6,0,0
0,1,22,3.4,0,1
0,0,36,3,0,0
0,0,26,4.2,700,0
1,0,25,3.4,0,0
1,1,28,3,0,0
1,0,23,3.3,0,0
1,0,23,3.5,0,1
0,0,23,3.7,0,0
0,0,22,4,0,0
1,0,22,3.5,0,0
1,1,25,4,0,0
1,0,22,3.5,0,0
1,0,34,3.5,0,0
0,1,26,3.4,0,0
1,1,25,3.1,0,0
0,1,25,3,0,0
0,1,25,3.3,0,0
1,0,23,3.7,0,0
1,1,26,3.9,0,0
1,0,24,4.2,620,0
1,0,22,3.6,0,0
1,1,25,3.7,0,0
1,1,27,3.8,0,0
1,1,26,3.8,0,0
1,1,23,3.4,0,0
1,1,25,3.6,0,0
1,0,22,3.9,0,1
0,0,25,3.5,0,0
0,1,24,3.3,0,1
1,1,25,4,0,0
1,1,26,3.8,0,1
0,1,25,3.4,0,1
1,0,22,3.4,0,0
1,1,25,4.5,0,0
1,0,21,3.86,0,1
1,0,22,3.1,0,1
1,0,22,3.7,0,0
1,0,23,3.6,0,0
1,0,24,3.8,0,0
1,0,24,3.8,0,0
1,0,22,4.27,0,0
1,0,21,4.2,0,0
1,1,25,3.7,0,0
1,0,22,3.93,0,0
0,0,23,4.3,0,1
0,0,24,3.5,0,0
1,1,27,3.7,0,0
1,0,22,3.6,0,0
1,0,22,3.7,0,0
1,0,22,3.93,0,0
1,0,21,3.8,0,1
1,0,22,4.3,0,1
0,1,25,3.8,0,1
1,1,27,3.5,0,0
0,0,22,3.5,0,1
0,0,21,4.08,280,0
1,0,23,3.5,0,0
0,0,23,3.8,0,1
1,0,24,3.7,0,1
1,0,24,4.2,0,1
1,0,26,2.8,0,0
1,0,25,3.7,0,0
1,0,30,3.2,0,0
0,1,24,3.4,0,0
1,0,21,2,0,0
1,0,23,4,0,0
1,0,23,4.3,0,0
1,0,21,4,0,0
1,0,22,4,0,1
1,0,22,3.57,0,0
0,0,22,3.7,0,0
0,0,22,4.2,600,1
1,1,26,4.3,0,1
1,0,23,3.5,0,0
1,1,25,3.9,0,0
0,0,21,4,0,1
0,0,21,4,0,0
1,1,24,4.1,0,0
1,1,23,3,0,0
0,1,28,4.5,0,1
1,0,22,4.4,0,0
0,0,22,4.5,0,0
1,0,23,3.93,0,0
1,0,23,3.2,0,0
1,1,25,3.1,0,0
1,0,21,3.9,0,0
1,0,22,4.2,0,0
0,0,22,3.5,0,0
1,1,25,3,0,0
1,0,26,3.76,800,0
0,0,24,3.5,0,1
1,0,26,3.2,830,0
1,1,31,2.9,670,0
1,0,24,3.8,0,0
1,0,24,3.8,750,0
1,0,25,4.3,0,1
0,0,26,4.1,0,0
1,0,25,3.5,0,0
1,0,28,3.2,920,1
1,0,25,3.6,730,0
0,1,26,4.5,0,0
1,0,27,3.4,930,0
0,0,24,3.5,0,1
0,0,26,3.8,0,0
0,1,27,3.9,930,0
0,1,29,3.5,800,0
1,1,26,3.7,920,0
1,0,26,3.8,550,0
1,1,29,3,0,0
0,0,26,4.27,0,0
0,1,29,3.9,720,0
1,1,31,3.8,600,1
0,1,25,4.2,665,0
0,0,25,3.7,850,0
1,1,33,3.6,0,1
1,1,27,3.7,0,1
1,0,23,3.93,0,0
1,0,24,4.4,810,0
1,0,28,3.8,760,0
1,0,25,3.6,790,0
1,0,26,3.4,0,0
1,0,26,4.15,740,0
0,0,24,4.5,830,0
1,0,25,3.7,810,1
1,0,26,3.6,895,1
1,0,24,3.8,965,0
1,0,25,4.1,835,0
1,0,25,3.8,0,0
1,0,25,3,650,1
1,0,25,3.8,875,1
1,0,24,3.8,0,1
0,0,28,3.35,0,0
1,0,25,3,810,1
1,0,26,3.5,0,0
1,0,27,3.9,900,1
1,0,26,3.7,990,1
0,0,24,4.1,0,0
0,0,25,3.6,920,0
1,0,25,3.6,855,0
1,0,26,3.5,870,0
1,0,26,3.7,810,1
1,0,26,3.8,850,0
1,1,26,3.4,0,1
1,0,24,3.1,565,0
0,0,26,3.9,700,0
1,0,27,4.29,0,0
1,1,27,3.5,0,0
1,0,29,2.3,580,0
1,1,26,3,0,0
0,1,29,3.5,0,1
1,1,27,3,0,0
1,1,29,2.91,0,0
0,1,26,3.5,0,0
1,0,26,3.6,0,0
0,1,28,3,0,0
1,0,25,4,0,1
0,1,28,3.65,0,1
1,1,27,3.65,0,0
0,1,27,4,0,0
1,0,25,3.6,0,0
1,0,26,3.6,0,0
1,0,25,4.2,770,1
0,0,26,3.97,700,0
0,1,28,3.8,0,0
1,0,24,4,680,0
1,0,25,3.5,560,0
0,0,26,3.2,0,0
1,1,28,3,0,1
0,1,28,3.8,500,0
1,0,25,3.6,845,1
1,1,30,3,905,1
0,1,28,3.3,0,0
0,0,25,3.4,740,0
1,0,25,3.8,780,0
0,0,26,3.5,0,0
1,0,25,3.9,0,1
1,1,27,3.9,0,0
0,1,27,3.5,0,0
1,0,25,3.4,0,0
0,1,29,3.9,830,0
1,0,25,3.9,0,0
1,0,26,3,850,0
1,0,25,3.9,865,1
1,0,24,4.3,990,0
1,0,25,3.2,895,0
1,1,26,3.5,0,0
1,0,25,3.7,0,1
1,0,24,3.5,850,0
1,1,26,3.6,600,1
1,0,27,3.7,0,0
1,0,25,3.7,0,0
1,0,25,3.6,0,1
1,1,26,3.86,0,0
1,0,26,3.9,935,0
1,1,28,4,900,0
1,1,27,3.9,860,1
0,1,29,3.2,0,1
0,1,27,3.9,0,0
1,0,25,3.8,900,0
1,0,28,3.8,0,0
0,0,28,3.3,830,1
1,1,29,3.4,0,1
1,0,27,4,940,0
1,0,26,3.8,820,0
0,1,27,3.4,340,0
0,0,26,3.2,0,0
1,1,26,2.9,0,0
1,0,26,3.2,600,1
1,1,28,3.3,0,1
1,0,24,3.5,0,1
0,0,24,3.5,0,0
1,1,27,3.9,0,0
0,1,28,3,900,1
0,0,25,3.8,970,1
1,1,31,3.5,0,0
0,0,23,4,0,0
1,1,30,3.5,0,0
1,0,25,3.8,730,1
1,0,25,3.6,600,0
1,0,26,4.2,0,0
1,1,29,4.3,0,0
1,1,29,3.8,0,0
1,0,25,3.5,800,1
1,1,30,3.6,850,0
0,0,25,3.7,700,0
0,1,30,3.12,0,0
0,1,29,3.8,700,0
1,1,29,4.08,860,0
0,1,33,3.3,0,0
1,1,28,3.9,700,0
0,0,25,3.8,0,0
0,0,24,3.7,450,1
0,0,25,4.1,0,0
1,1,26,4.1,0,0
0,1,25,3,0,0
1,0,26,3.6,0,1
0,0,23,3.7,0,1
0,0,26,3.8,0,0
1,0,25,3.8,720,1
0,1,29,3,0,0
0,1,28,3.1,0,1
1,0,25,3.65,990,1
1,0,24,3.8,875,0
1,0,25,4,0,1
1,0,25,3.55,0,1
1,0,25,3.9,0,0
1,0,26,3.9,0,1
1,0,24,3.3,0,1
1,1,27,3.4,0,0
1,0,25,3.4,900,0
1,1,27,3.9,0,0
0,0,26,3.7,600,1
0,0,24,3.8,0,0
1,1,29,2.9,0,0
1,1,28,4.2,0,0
1,1,27,3.8,850,0
0,1,28,3.7,640,0
1,1,27,3.6,780,1
1,0,25,3.1,450,0
0,1,27,3.55,700,0
0,1,27,3.9,720,0
1,1,29,3.6,0,0
0,1,26,4,0,0
1,0,25,3.8,0,0
0,1,25,4,0,0
1,0,25,4.3,0,1
0,1,27,3.9,0,0
1,0,24,3,830,0
1,0,25,3.9,955,0
0,0,24,3.7,0,1
1,0,24,4.2,0,0
1,1,27,3.4,0,0
1,0,23,4,0,0
1,0,35,3.9,0,0
1,0,25,3.65,0,0
0,0,24,3.9,0,0
0,0,24,3,0,0
1,0,25,4,0,1
0,0,26,3.9,0,0
0,1,27,3.8,930,0
0,0,24,4.2,0,0
0,1,26,3.8,0,0
0,1,26,3.8,0,0
0,0,24,4,0,0
0,1,25,3.9,0,0
0,1,26,3.8,0,0
0,0,26,4,650,0
0,1,28,3.3,0,0
1,1,27,2.9,0,0
1,0,25,3.9,600,0
1,0,26,4,750,0
1,1,29,3.3,0,1
1,1,27,3.5,0,1
1,1,27,3.7,560,0
1,0,25,3.5,0,0
1,0,24,3.9,0,0
0,1,26,3,0,0
1,1,26,4.04,0,1
1,1,28,3.3,0,1
1,1,28,3.3,700,0
1,1,28,3.8,0,0
1,1,27,3.7,600,0
0,0,24,4.1,0,0
1,0,24,3.5,0,0
1,0,25,3.8,0,1
1,0,25,3,550,0
1,1,28,2.8,450,1
1,1,28,3.9,0,0
1,1,27,3.9,750,0
0,1,27,3.35,0,0
1,0,25,3.9,0,0
1,1,27,3.5,0,1
1,0,24,4.1,0,0
0,1,28,3.5,0,1
1,1,26,4.3,0,0
0,1,29,3.3,600,0
1,1,28,2.4,0,1
1,1,27,3.5,0,0
1,1,27,2.9,0,0
1,1,28,3,0,0
1,1,27,3.7,875,0
0,0,25,3.5,800,0
1,1,27,3,0,1
1,1,26,4.27,0,0
0,1,28,3.6,900,1
1,1,28,3.65,700,1
1,0,25,3.8,815,0
1,1,31,2.5,798,0
1,1,27,3.1,790,1
1,1,29,3.3,580,0
1,1,27,3.7,730,0
1,1,27,3.6,0,0
1,1,29,3.5,0,0
1,0,25,3.2,750,0
1,0,25,3.9,720,0
1,0,26,3.9,0,0
1,1,27,3.7,0,0
1,0,24,3.8,0,0
1,1,27,4,0,0
1,1,27,4.3,0,1
1,0,24,3.2,0,1
0,1,28,3.5,0,0
1,1,30,4,0,0
0,0,27,4.1,0,1
0,1,28,3.7,0,0
1,1,27,3.6,400,0
0,1,26,3.7,0,0
1,0,26,3.3,0,0
1,1,31,3.7,0,0
1,1,31,3.5,0,1
0,1,28,3.5,0,1
1,0,26,3.8,750,0
0,1,28,3.9,865,0
1,0,27,4.15,0,0
0,1,28,3.9,520,1
0,1,28,3,710,0
1,0,24,3.7,0,0
0,1,26,3.4,0,1
1,1,27,3.4,720,0
1,1,27,3.5,0,0
1,1,27,3.6,800,1
1,1,30,3.8,0,0
0,0,24,4.2,500,0
0,0,25,3.9,865,0
1,0,25,3.6,835,1
1,1,26,3.8,700,0
1,1,27,3.3,0,0
1,1,34,3,0,0
1,1,28,3.3,300,0
1,0,24,3.6,0,0
1,0,28,3.34,0,0
0,1,27,2.8,0,1
0,0,23,3.7,0,0
1,0,24,3,0,1
0,0,23,4,0,0
1,0,26,3.1,765,0
1,1,27,3.8,0,0
0,1,25,3.86,970,0
0,0,30,3.7,890,0
1,1,26,3.6,830,0
1,0,25,3.8,760,0
0,1,27,3.5,700,0
1,0,24,3.2,0,0
1,1,27,3.6,0,0
1,1,26,3.8,0,0
1,1,27,3.6,0,0
1,1,28,3.2,0,1
1,1,26,3.5,0,0
1,0,25,3.5,820,0
1,0,26,3.6,900,0
1,0,25,3,0,0
1,1,26,2.38,805,1
0,1,26,4,0,1
0,0,24,3.76,635,0
1,0,24,3.9,700,1
1,0,24,4.3,650,0
0,1,26,3.8,895,0
1,1,30,3,0,0
1,0,24,3,0,0
1,0,25,2.7,500,0
0,0,27,3.12,0,0
0,0,25,3.8,0,1
1,0,24,4,810,1
1,0,23,2.9,0,0
1,1,27,3,0,0
1,1,28,3.6,0,0
1,1,26,3.5,925,0
0,0,24,3.5,0,0
0,0,24,3.8,750,1
1,0,23,3.7,0,0
0,0,23,3.3,0,0
1,0,25,3,0,1
1,0,25,3.4,770,1
0,0,26,3.8,0,0
1,0,25,4,0,0
0,0,25,3.9,0,0
1,0,26,3.2,780,1
0,1,29,3.8,0,0
1,0,24,3.9,0,1
1,1,27,3.44,0,0
0,0,23,3.2,0,1
0,0,25,3,650,0
1,1,30,3,0,0
1,0,27,3.8,0,0
0,0,25,3.8,885,0
1,0,25,4,0,0
1,0,23,4.3,700,0
1,0,24,4.3,0,1
1,0,23,3.8,690,0
1,0,28,3.5,0,0
1,0,24,3.65,830,0
1,0,29,3.55,0,0
1,1,26,2.1,785,0
1,0,35,4.3,0,0
1,1,28,3.5,0,1
1,0,26,3.7,780,0
0,0,26,3.9,880,0
1,1,27,3.5,920,0
0,1,29,4.29,780,0
1,1,30,3.2,750,0
0,1,28,4.1,0,0
1,0,24,3.5,0,0
1,0,24,4.1,0,1
0,0,25,3.4,0,1
1,1,28,4.15,0,0
1,1,26,3.7,0,1
1,1,29,3,0,0
1,0,27,3.5,780,1
1,0,26,3.5,0,0
1,0,25,4.2,0,0
1,1,28,3,0,0
1,0,25,3.9,0,0
1,0,24,3.8,0,0
0,0,25,3.9,0,0
1,0,26,4.3,680,0
1,0,24,3.7,0,0
0,0,26,4,820,0
1,0,27,3.5,0,1
1,0,26,3.5,0,0
1,0,25,4.1,0,0
1,0,26,3.8,0,0
0,1,26,3.5,0,1
1,1,28,2.8,0,0
1,0,27,4.3,0,0
1,1,28,3.8,750,0
1,0,26,3.5,0,1
1,1,26,3.8,0,0
1,0,24,3.8,0,0
1,0,24,4.2,0,0
1,0,25,3.9,800,0
1,1,24,4,0,0
1,0,25,3.8,0,0
0,0,23,4.3,0,0
1,1,27,4.2,0,0
1,1,27,4.3,0,0
0,0,25,3.4,0,0
1,1,29,3.5,0,0
1,0,28,3.5,700,1
1,1,28,3.7,700,1
1,0,25,3,0,0
1,0,26,3.2,635,0
1,0,24,3.8,0,0
1,0,29,3.6,0,0
0,1,26,3.5,915,0
1,1,28,3.2,0,1
0,0,28,4,0,0
1,0,24,3.7,0,0
1,0,24,3,0,1
1,0,25,4,0,0
1,0,23,2.9,505,1
1,0,25,2.76,0,0
0,1,27,3.4,0,0
1,0,26,3.76,0,0
